date,Acrylic paints,Watercolor paints,Oil paints,Charcoal pencils,Sketch pads,Drawing paper,Canvases,Paintbrushes,Calligraphy pens,Colored pencils,Artist markers,Pastels,Gel pens,Painting easels,Drawing pencils,Blending stumps,Palette knives,Spray paints,Paint pallets,Paint rollers,Craft glue,Paint thinner,Canvas boards,Art erasers,Pencil sharpeners,Masking tape,Drawing tablets,Art books,Brush cleaners,Art smocks,Paint markers,Colored inks
2019-12-29,0.5559272727272726,0.259584,0.6527999999999999,0.14975999999999998,0.0,0.1,0.09,0.08985599999999999,0.832,0.22,0.18177391304347826,0.17,0.15,0.0,0.624,0.0,0.0,0.16527567567567567,0.0,0.03,0.3822,0.12,0.0,0.0,0.09508571428571427,0.1,0.04,0.21,0.11904,0.0,0.08,0.0
2020-01-05,0.5332363636363636,0.254592,0.6432,0.11232,0.06408648648648647,0.15,0.08,0.1248,0.76544,0.21,0.10852173913043478,0.16,0.16,0.0,0.6624,0.0,0.0,0.1349189189189189,0.07637014925373134,0.03,0.3666,0.11,0.0,0.0,0.15748571428571428,0.12,0.03,0.25,0.0,0.0,0.09,0.0
2020-01-12,0.4765090909090909,0.209664,0.6335999999999999,0.202176,0.0,0.16,0.08,0.17472,0.624,0.24,0.14379130434782608,0.15,0.15,0.0,0.72,0.0,0.0,0.1720216216216216,0.06705671641791044,0.04,0.3666,0.1,0.10886808510638298,0.0,0.1426285714285714,0.12,0.03,0.25,0.1056,0.0,0.09,0.0
2020-01-19,0.5899636363636364,0.154752,0.6911999999999999,0.154752,0.0,0.15,0.08,0.14975999999999998,0.61568,0.21,0.12751304347826087,0.14,0.15,0.0,0.6624,0.0,0.0,0.20912432432432432,0.07450746268656716,0.03,0.351,0.12,0.0,0.0,0.12777142857142856,0.12,0.04,0.26,0.09024,0.0,0.09,0.0
2020-01-26,0.5786181818181818,0.264576,0.6335999999999999,0.18719999999999998,0.0,0.15,0.08,0.19968,0.4992,0.21,0.08681739130434782,0.16,0.15,0.0,0.6624,0.0,0.0,0.20912432432432432,0.06146865671641791,0.03,0.3978,0.11,0.10090212765957446,0.0,0.18125714285714284,0.1,0.04,0.25,0.07296,0.0,0.09,0.0
2020-02-02,0.5218909090909091,0.11980799999999998,0.5568,0.1248,0.0624,0.16,0.07,0.164736,0.5824,0.2,0.09495652173913044,0.16,0.16,0.0,0.5952,0.0,0.0,0.19225945945945946,0.0,0.04,0.37439999999999996,0.1,0.15931914893617022,0.0,0.12182857142857142,0.11,0.03,0.22,0.10368,0.0,0.09,0.0
2020-02-09,0.6013090909090909,0.309504,0.7104,0.094848,0.0,0.18,0.08,0.20467199999999997,0.4908799999999999,0.22,0.1519304347826087,0.16,0.14,0.0,0.624,0.0,0.0,0.1349189189189189,0.06705671641791044,0.03,0.4914,0.1,0.15135319148936172,0.0,0.15154285714285712,0.12,0.03,0.21,0.1248,0.0,0.1,0.0
2020-02-16,0.6013090909090909,0.244608,0.6432,0.17721599999999998,0.0,0.15,0.08,0.194688,0.4908799999999999,0.22,0.10852173913043478,0.19,0.14,0.0,0.6047999999999999,0.0,0.0,0.1349189189189189,0.07264477611940298,0.04,0.3666,0.11,0.18587234042553188,0.0,0.16937142857142856,0.13,0.03,0.24,0.09216,0.0,0.1,0.0
2020-02-23,0.5105454545454545,0.259584,0.5856,0.10233599999999998,0.0,0.16,0.09,0.20467199999999997,0.53248,0.22,0.08953043478260869,0.17,0.14,0.0,0.6432,0.0,0.0,0.11468108108108108,0.07823283582089552,0.04,0.37439999999999996,0.11,0.1327659574468085,0.0,0.1366857142857143,0.13,0.04,0.24,0.09216,0.0,0.1,0.0
2020-03-01,0.5559272727272726,0.229632,0.5952,0.154752,0.0,0.14,0.08,0.129792,0.44095999999999996,0.2,0.1600695652173913,0.17,0.14,0.0,0.5472,0.0,0.0,0.1855135135135135,0.0,0.03,0.3276,0.11,0.13542127659574466,0.0,0.09211428571428572,0.12,0.03,0.21,0.1248,0.0,0.1,0.0
2020-03-08,0.4992,0.17472,0.5952,0.104832,0.0,0.14,0.07,0.16972800000000002,0.5657599999999999,0.19,0.11123478260869564,0.16,0.12,0.06739200000000001,0.5087999999999999,0.0,0.0,0.15515675675675675,0.07450746268656716,0.04,0.2964,0.12,0.12745531914893615,0.0,0.15451428571428572,0.11,0.04,0.2,0.07872,0.0,0.1,0.0
2020-03-15,0.6126545454545455,0.334464,0.672,0.164736,0.0,0.16,0.11,0.16972800000000002,0.47423999999999994,0.2,0.1248,0.18,0.1,0.0,0.624,0.0,0.0,0.14166486486486485,0.0,0.04,0.312,0.13,0.13011063829787234,0.0,0.104,0.1,0.03,0.18,0.06336,0.0,0.09,0.0
2020-03-22,0.8509090909090908,0.344448,0.7871999999999999,0.132288,0.0742054054054054,0.17,0.15,0.129792,0.5158400000000001,0.26,0.10309565217391303,0.19,0.1,0.06739200000000001,0.6911999999999999,0.064896,0.0,0.22936216216216215,0.11362388059701492,0.04,0.45239999999999997,0.14,0.18321702127659573,0.0,0.1129142857142857,0.12,0.04,0.19,0.07103999999999999,0.0,0.13,0.0
2020-03-29,0.9303272727272727,0.4992,0.9503999999999999,0.18470399999999998,0.08769729729729729,0.17,0.15,0.2496,0.63232,0.29,0.13565217391304346,0.22,0.12,0.0,0.7776,0.05865599999999999,0.0,0.24285405405405405,0.1061731343283582,0.05,0.46799999999999997,0.16,0.18587234042553188,0.0,0.08914285714285713,0.14,0.04,0.25,0.08448,0.0,0.13,0.0
2020-04-05,0.9870545454545454,0.414336,0.96,0.09984,0.0,0.17,0.14,0.29951999999999995,0.39936,0.29,0.15735652173913042,0.23,0.11,0.05865599999999999,0.7104,0.063648,0.0,0.23273513513513513,0.10058507462686567,0.06,0.4446,0.18,0.16994042553191488,0.0,0.12182857142857142,0.15,0.05,0.23,0.10752,0.0,0.13,0.0
2020-04-12,1.0097454545454545,0.454272,0.9503999999999999,0.127296,0.10287567567567567,0.17,0.15,0.2496,0.53248,0.28,0.1709217391304348,0.21,0.14,0.0,0.768,0.05865599999999999,0.0,0.18888648648648648,0.13597611940298507,0.06,0.40559999999999996,0.16,0.19383829787234041,0.0,0.10102857142857143,0.14,0.06,0.24,0.15167999999999998,0.0,0.13,0.0
2020-04-19,1.1345454545454545,0.42931199999999997,0.8255999999999999,0.139776,0.0742054054054054,0.17,0.16,0.35942399999999997,0.59072,0.28,0.13565217391304346,0.21,0.12,0.0,0.7584,0.054911999999999996,0.0,0.22598918918918917,0.1601910447761194,0.06,0.42119999999999996,0.19,0.17790638297872338,0.0,0.15451428571428572,0.14,0.06,0.23,0.11711999999999999,0.0,0.13,0.0
2020-04-26,0.9643636363636363,0.47423999999999994,0.8831999999999999,0.167232,0.08432432432432432,0.17,0.15,0.344448,0.53248,0.28,0.19262608695652172,0.19,0.14,0.05865599999999999,0.7968000000000001,0.0,0.0,0.2732108108108108,0.1415641791044776,0.07,0.4758,0.2,0.265531914893617,0.0,0.15748571428571428,0.14,0.05,0.26,0.09984,0.0,0.16,0.0
2020-05-03,1.0891636363636363,0.44428799999999996,0.9119999999999999,0.13478400000000001,0.0,0.18,0.14,0.329472,0.4908799999999999,0.27,0.13565217391304346,0.22,0.13,0.05990399999999999,0.624,0.0,0.0,0.2563459459459459,0.12107462686567164,0.07,0.5538,0.18,0.23897872340425533,0.0,0.1337142857142857,0.13,0.06,0.26,0.14784,0.0,0.16,0.0
2020-05-10,1.0437818181818181,0.414336,0.9119999999999999,0.18470399999999998,0.0,0.16,0.14,0.329472,0.5740799999999999,0.27,0.17906086956521738,0.2,0.13,0.10732799999999999,0.672,0.0,0.07238399999999999,0.2867027027027027,0.12293731343283582,0.06,0.4836,0.18,0.22570212765957445,0.0,0.12777142857142856,0.14,0.05,0.24,0.13631999999999997,0.0,0.17,0.0
2020-05-17,0.8622545454545454,0.32448,0.6911999999999999,0.14975999999999998,0.0,0.16,0.13,0.21964799999999998,0.52416,0.25,0.14650434782608696,0.19,0.12,0.08112,0.6911999999999999,0.0,0.0,0.29007567567567566,0.13597611940298507,0.06,0.43679999999999997,0.18,0.19914893617021276,0.0,0.1248,0.15,0.06,0.25,0.13056,0.0,0.21,0.0
2020-05-24,0.8735999999999999,0.36940799999999996,0.8351999999999999,0.122304,0.09444324324324324,0.14,0.12,0.264576,0.4992,0.25,0.13565217391304346,0.18,0.13,0.0,0.768,0.0,0.0,0.26646486486486487,0.13038805970149253,0.05,0.351,0.18,0.15931914893617022,0.0,0.08022857142857143,0.14,0.05,0.23,0.1056,0.0,0.24,0.0
2020-05-31,0.7147636363636364,0.259584,0.6335999999999999,0.11980799999999998,0.05734054054054054,0.12,0.11,0.23961599999999997,0.40768,0.19,0.11937391304347826,0.16,0.11,0.066144,0.5087999999999999,0.0,0.0,0.3372972972972973,0.1154865671641791,0.05,0.3432,0.16,0.17790638297872338,0.0,0.07428571428571429,0.13,0.05,0.21,0.10944,0.0,0.22,0.0
2020-06-07,0.7147636363636364,0.314496,0.7584,0.114816,0.0,0.12,0.11,0.18470399999999998,0.44095999999999996,0.2,0.1248,0.16,0.12,0.0,0.624,0.0,0.0,0.26646486486486487,0.08568358208955223,0.05,0.3354,0.17,0.2044595744680851,0.0,0.08914285714285713,0.13,0.06,0.23,0.15744,0.0,0.2,0.0
2020-06-14,0.7601454545454545,0.28454399999999996,0.6335999999999999,0.1248,0.0,0.11,0.12,0.23961599999999997,0.44928,0.19,0.11394782608695651,0.18,0.1,0.0,0.48,0.0,0.0,0.30356756756756753,0.08568358208955223,0.05,0.37439999999999996,0.19,0.16197446808510638,0.0,0.09211428571428572,0.13,0.06,0.21,0.09984,0.0,0.17,0.0
2020-06-21,0.771490909090909,0.309504,0.6432,0.097344,0.0,0.11,0.12,0.189696,0.44928,0.21,0.11937391304347826,0.17,0.09,0.0,0.48,0.0,0.0,0.2934486486486486,0.10431044776119403,0.06,0.40559999999999996,0.17,0.16728510638297872,0.0,0.07428571428571429,0.14,0.04,0.22,0.09216,0.0,0.13,0.0
2020-06-28,0.6693818181818181,0.34944,0.6335999999999999,0.14975999999999998,0.0,0.09,0.1,0.20467199999999997,0.34944,0.2,0.13565217391304346,0.16,0.11,0.0,0.624,0.0,0.0,0.24285405405405405,0.1248,0.04,0.3432,0.16,0.18321702127659573,0.0,0.08617142857142857,0.14,0.06,0.19,0.13248,0.0,0.12,0.0
2020-07-05,0.7828363636363636,0.34944,0.6527999999999999,0.11731199999999999,0.0,0.1,0.13,0.244608,0.44095999999999996,0.22,0.10309565217391303,0.16,0.12,0.0,0.6432,0.0,0.0,0.2732108108108108,0.1322507462686567,0.05,0.3198,0.17,0.17790638297872338,0.0,0.15451428571428572,0.15,0.05,0.2,0.16128,0.0,0.13,0.0
2020-07-12,0.771490909090909,0.29951999999999995,0.6624,0.09984,0.07589189189189188,0.11,0.12,0.2496,0.43263999999999997,0.21,0.11937391304347826,0.15,0.12,0.064896,0.5663999999999999,0.0,0.0,0.20237837837837838,0.07450746268656716,0.05,0.3276,0.16,0.15400851063829787,0.0,0.1129142857142857,0.14,0.06,0.2,0.11711999999999999,0.0,0.14,0.0
2020-07-19,0.6693818181818181,0.23462399999999997,0.6432,0.13728,0.0,0.11,0.12,0.26956800000000003,0.39104,0.25,0.0976695652173913,0.16,0.13,0.0,0.5856,0.0,0.07238399999999999,0.16864864864864865,0.1415641791044776,0.05,0.38999999999999996,0.16,0.14604255319148937,0.0,0.15748571428571428,0.14,0.05,0.2,0.15360000000000001,0.0,0.14,0.0
2020-07-26,0.7941818181818181,0.244608,0.6335999999999999,0.09235199999999999,0.0,0.12,0.13,0.27456,0.46592,0.27,0.08953043478260869,0.16,0.14,0.0,0.6144000000000001,0.0,0.0,0.2968216216216216,0.0,0.06,0.3666,0.16,0.15931914893617022,0.0,0.15451428571428572,0.15,0.06,0.21,0.08064,0.0,0.13,0.0
2020-08-02,0.7601454545454545,0.34944,0.624,0.114816,0.08263783783783783,0.11,0.12,0.19968,0.4992,0.25,0.11123478260869564,0.16,0.15,0.0,0.5952,0.0,0.0,0.20237837837837838,0.0,0.04,0.351,0.15,0.15666382978723403,0.0,0.18422857142857144,0.14,0.06,0.22,0.09216,0.0,0.13,0.0
2020-08-09,0.7147636363636364,0.2496,0.6527999999999999,0.139776,0.08095135135135136,0.12,0.11,0.19968,0.43263999999999997,0.27,0.11123478260869564,0.17,0.14,0.0,0.6911999999999999,0.0,0.0,0.19563243243243242,0.08940895522388059,0.05,0.38999999999999996,0.15,0.19118297872340426,0.0,0.15154285714285712,0.15,0.05,0.24,0.11327999999999999,0.0,0.13,0.0
2020-08-16,0.7828363636363636,0.329472,0.7776,0.17721599999999998,0.09444324324324324,0.15,0.12,0.259584,0.44928,0.28,0.11123478260869564,0.19,0.14,0.07113599999999999,0.8448,0.0,0.0,0.22598918918918917,0.10244776119402985,0.04,0.4134,0.15,0.17790638297872338,0.0,0.21097142857142856,0.14,0.06,0.29,0.11904,0.0,0.13,0.0
2020-08-23,0.5672727272727273,0.314496,0.6527999999999999,0.16224,0.10456216216216216,0.16,0.1,0.28454399999999996,0.4908799999999999,0.25,0.09495652173913044,0.18,0.14,0.0,0.8928,0.05865599999999999,0.0,0.18888648648648648,0.06705671641791044,0.04,0.37439999999999996,0.13,0.14869787234042553,0.0,0.12777142857142856,0.15,0.05,0.28,0.07487999999999999,0.0,0.11,0.0
2020-08-30,0.6126545454545455,0.42432,0.6911999999999999,0.18470399999999998,0.09781621621621621,0.16,0.1,0.244608,0.34944,0.27,0.09495652173913044,0.19,0.14,0.061152,0.7104,0.113568,0.0,0.1855135135135135,0.06891940298507462,0.04,0.40559999999999996,0.14,0.15931914893617022,0.0,0.23771428571428568,0.14,0.07,0.28,0.06336,0.0,0.11,0.0
2020-09-06,0.6466909090909091,0.419328,0.7487999999999999,0.159744,0.08769729729729729,0.17,0.1,0.20467199999999997,0.27456,0.26,0.0976695652173913,0.18,0.13,0.057408,0.6911999999999999,0.0,0.0,0.23948108108108107,0.11921194029850746,0.04,0.3978,0.13,0.2310127659574468,0.0,0.1664,0.14,0.05,0.27,0.07103999999999999,0.0,0.12,0.0
2020-09-13,0.5332363636363636,0.304512,0.624,0.189696,0.07251891891891891,0.18,0.1,0.21465599999999999,0.2912,0.26,0.11937391304347826,0.18,0.13,0.0,0.6816,0.0,0.0,0.2563459459459459,0.08382089552238806,0.04,0.38999999999999996,0.14,0.11948936170212766,0.0,0.11885714285714284,0.13,0.05,0.27,0.13824,0.0,0.1,0.0
2020-09-20,0.5672727272727273,0.32448,0.6527999999999999,0.13728,0.07757837837837837,0.17,0.1,0.26956800000000003,0.39104,0.24,0.11937391304347826,0.19,0.14,0.0,0.7104,0.0,0.0,0.22598918918918917,0.12107462686567164,0.05,0.3432,0.14,0.14869787234042553,0.069888,0.18719999999999998,0.14,0.06,0.26,0.10752,0.0,0.1,0.0
2020-09-27,0.5105454545454545,0.29951999999999995,0.6624,0.1248,0.0,0.16,0.09,0.29951999999999995,0.38272,0.2,0.0,0.18,0.14,0.0,0.528,0.0,0.0,0.20912432432432432,0.0,0.04,0.3822,0.13,0.17790638297872338,0.0,0.1664,0.14,0.05,0.21,0.10175999999999999,0.0,0.1,0.0
2020-10-04,0.6693818181818181,0.27456,0.5663999999999999,0.13478400000000001,0.0,0.14,0.09,0.4992,0.38272,0.2,0.12751304347826087,0.17,0.12,0.0,0.5952,0.0,0.0,0.19225945945945946,0.10058507462686567,0.04,0.3978,0.14,0.10090212765957446,0.0,0.11588571428571429,0.13,0.05,0.2,0.11136,0.0,0.1,0.0
2020-10-11,0.5899636363636364,0.23961599999999997,0.5376,0.17971199999999998,0.07251891891891891,0.13,0.09,0.314496,0.28287999999999996,0.2,0.10038260869565217,0.18,0.11,0.076128,0.6047999999999999,0.0,0.0,0.16864864864864865,0.07823283582089552,0.04,0.4446,0.14,0.14869787234042553,0.0,0.18125714285714284,0.14,0.06,0.2,0.08639999999999999,0.0,0.11,0.0
2020-10-18,0.5786181818181818,0.254592,0.6624,0.14726399999999998,0.0,0.14,0.08,0.35942399999999997,0.3328,0.19,0.10309565217391303,0.17,0.12,0.069888,0.6144000000000001,0.0,0.0,0.20912432432432432,0.0,0.04,0.5147999999999999,0.13,0.10090212765957446,0.0,0.15748571428571428,0.14,0.05,0.2,0.13248,0.0,0.12,0.0
2020-10-25,0.5559272727272726,0.254592,0.5663999999999999,0.132288,0.0,0.12,0.09,0.23961599999999997,0.34944,0.19,0.13565217391304346,0.16,0.11,0.11980799999999998,0.5184,0.0,0.0,0.1720216216216216,0.07823283582089552,0.03,0.5538,0.12,0.13807659574468084,0.0,0.10994285714285713,0.15,0.05,0.19,0.15552,0.0,0.13,0.0
2020-11-01,0.46516363636363633,0.22464,0.4608,0.07238399999999999,0.0,0.1,0.08,0.23961599999999997,0.2912,0.17,0.13293913043478262,0.13,0.11,0.0,0.4608,0.0,0.0,0.11805405405405404,0.0,0.03,0.30419999999999997,0.11,0.0982468085106383,0.0,0.14857142857142858,0.11,0.05,0.16,0.06912,0.0,0.09,0.0
2020-11-08,0.5786181818181818,0.309504,0.5663999999999999,0.14476799999999998,0.08263783783783783,0.13,0.11,0.279552,0.44095999999999996,0.21,0.14921739130434783,0.15,0.13,0.08985599999999999,0.672,0.0,0.0,0.21249729729729727,0.07264477611940298,0.04,0.3978,0.12,0.14869787234042553,0.0,0.07725714285714286,0.14,0.07,0.21,0.11136,0.0,0.12,0.0
2020-11-15,0.5672727272727273,0.309504,0.6527999999999999,0.152256,0.0,0.14,0.11,0.314496,0.52416,0.23,0.15464347826086955,0.16,0.13,0.08985599999999999,0.6816,0.0,0.0,0.12142702702702703,0.12293731343283582,0.03,0.43679999999999997,0.13,0.11152340425531913,0.0,0.13965714285714284,0.13,0.07,0.23,0.11136,0.0,0.12,0.0
2020-11-22,0.6920727272727273,0.29452799999999996,0.7392,0.08736,0.11130810810810811,0.11,0.12,0.279552,0.53248,0.24,0.24688695652173911,0.16,0.13,0.0,0.7104,0.0,0.0,0.18888648648648648,0.0,0.03,0.45239999999999997,0.16,0.10355744680851063,0.0,0.21988571428571427,0.11,0.11,0.23,0.16128,0.0,0.14,0.0
2020-11-29,0.7147636363636364,0.454272,0.7007999999999999,0.094848,0.0,0.15,0.13,0.35942399999999997,0.59072,0.28,0.14650434782608696,0.19,0.16,0.09359999999999999,0.8543999999999999,0.0,0.0,0.16864864864864865,0.0,0.03,0.5771999999999999,0.12,0.17525106382978722,0.0,0.1337142857142857,0.12,0.1,0.29,0.13056,0.0,0.15,0.0
2020-12-06,0.7487999999999999,0.334464,0.7104,0.17971199999999998,0.1248,0.16,0.13,0.29951999999999995,0.67392,0.31,0.20890434782608697,0.17,0.17,0.0,0.96,0.0,0.0,0.16527567567567567,0.07823283582089552,0.03,0.5771999999999999,0.13,0.18321702127659573,0.0,0.1426285714285714,0.12,0.09,0.3,0.17664,0.0,0.16,0.0
2020-12-13,0.7828363636363636,0.36441599999999996,0.6816,0.164736,0.08938378378378378,0.17,0.13,0.314496,0.67392,0.29,0.17906086956521738,0.18,0.17,0.09984,0.7968000000000001,0.0,0.07238399999999999,0.20575135135135134,0.0,0.03,0.4602,0.13,0.15400851063829787,0.0,0.18125714285714284,0.13,0.07,0.26,0.13056,0.0,0.15,0.0
2020-12-20,0.6920727272727273,0.279552,0.7871999999999999,0.202176,0.10118918918918919,0.11,0.1,0.19968,0.65728,0.24,0.13293913043478262,0.18,0.13,0.082368,0.768,0.0,0.0,0.12142702702702703,0.0,0.03,0.38999999999999996,0.12,0.13542127659574466,0.0,0.0,0.11,0.07,0.21,0.0,0.0,0.15,0.0
2020-12-27,0.8055272727272726,0.419328,0.7392,0.154752,0.0,0.1,0.11,0.244608,0.6073599999999999,0.24,0.12208695652173912,0.2,0.15,0.0,0.6335999999999999,0.0,0.0,0.1349189189189189,0.10058507462686567,0.04,0.45239999999999997,0.12,0.16728510638297872,0.0,0.1129142857142857,0.11,0.06,0.2,0.144,0.0,0.12,0.0
2021-01-03,0.5899636363636364,0.264576,0.5856,0.164736,0.0,0.12,0.1,0.21465599999999999,0.5158400000000001,0.23,0.0976695652173913,0.16,0.16,0.0,0.7487999999999999,0.079872,0.0,0.14166486486486485,0.09685970149253731,0.04,0.3666,0.13,0.140731914893617,0.0,0.1129142857142857,0.12,0.04,0.21,0.12288,0.0,0.09,0.0
2021-01-10,0.6353454545454545,0.264576,0.5952,0.21465599999999999,0.0,0.13,0.11,0.264576,0.53248,0.22,0.08410434782608696,0.18,0.16,0.082368,0.72,0.0,0.0,0.18888648648648648,0.0,0.05,0.38999999999999996,0.13,0.18321702127659573,0.0,0.1129142857142857,0.14,0.05,0.21,0.10175999999999999,0.0,0.11,0.0
2021-01-17,0.44247272727272724,0.259584,0.5663999999999999,0.16972800000000002,0.0,0.12,0.11,0.189696,0.416,0.22,0.12208695652173912,0.16,0.15,0.0,0.6527999999999999,0.0,0.0,0.23273513513513513,0.07264477611940298,0.04,0.3822,0.13,0.10090212765957446,0.0,0.16045714285714285,0.12,0.04,0.2,0.0,0.0,0.09,0.0
2021-01-24,0.6013090909090909,0.264576,0.7007999999999999,0.14726399999999998,0.07083243243243242,0.13,0.1,0.2496,0.37439999999999996,0.27,0.07596521739130435,0.16,0.14,0.0,0.7584,0.0,0.0,0.21249729729729727,0.0,0.04,0.3432,0.13,0.15666382978723403,0.0,0.0,0.14,0.04,0.21,0.07103999999999999,0.0,0.1,0.0
2021-01-31,0.5899636363636364,0.279552,0.5376,0.13728,0.08095135135135136,0.13,0.09,0.189696,0.39104,0.23,0.1058086956521739,0.17,0.14,0.0,0.5952,0.0,0.0,0.15515675675675675,0.0,0.04,0.43679999999999997,0.12,0.13807659574468084,0.0,0.1248,0.13,0.05,0.2,0.10944,0.0,0.11,0.0
2021-02-07,0.4992,0.2496,0.5663999999999999,0.152256,0.0,0.13,0.1,0.28454399999999996,0.38272,0.26,0.0,0.17,0.15,0.116064,0.6047999999999999,0.0,0.0,0.1855135135135135,0.07450746268656716,0.04,0.40559999999999996,0.13,0.11948936170212766,0.0,0.09508571428571427,0.13,0.04,0.2,0.144,0.08736,0.11,0.0
2021-02-14,0.6126545454545455,0.264576,0.5952,0.20467199999999997,0.10287567567567567,0.12,0.09,0.229632,0.39936,0.21,0.07325217391304348,0.16,0.12,0.0,0.4896,0.0,0.0,0.21587027027027028,0.0,0.04,0.3276,0.12,0.12214468085106382,0.0,0.1337142857142857,0.1,0.04,0.17,0.1152,0.0,0.09,0.0
2021-02-21,0.5218909090909091,0.259584,0.6144000000000001,0.209664,0.0,0.13,0.09,0.264576,0.3328,0.21,0.0,0.16,0.13,0.086112,0.4896,0.0,0.0,0.1585297297297297,0.07823283582089552,0.04,0.3666,0.11,0.09559148936170213,0.0,0.14857142857142858,0.12,0.04,0.2,0.16319999999999998,0.0,0.1,0.0
2021-02-28,0.5218909090909091,0.244608,0.5856,0.16224,0.0,0.12,0.08,0.21465599999999999,0.28287999999999996,0.21,0.0,0.17,0.13,0.06739200000000001,0.4704,0.079872,0.0,0.15515675675675675,0.0,0.04,0.45239999999999997,0.12,0.09293617021276594,0.0,0.11588571428571429,0.13,0.04,0.21,0.07680000000000001,0.0,0.09,0.0
2021-03-07,0.5332363636363636,0.264576,0.5856,0.16224,0.07926486486486485,0.11,0.09,0.21465599999999999,0.37439999999999996,0.2,0.07867826086956521,0.17,0.13,0.069888,0.6335999999999999,0.0,0.0,0.17876756756756756,0.1862686567164179,0.04,0.312,0.13,0.07700425531914894,0.0,0.1337142857142857,0.12,0.04,0.19,0.12672,0.0,0.1,0.0
2021-03-14,0.4765090909090909,0.259584,0.5472,0.09984,0.08095135135135136,0.1,0.09,0.21964799999999998,0.27456,0.18,0.09224347826086955,0.14,0.13,0.0,0.5087999999999999,0.0,0.0,0.20237837837837838,0.0,0.04,0.3354,0.12,0.10886808510638298,0.0,0.13074285714285713,0.12,0.04,0.18,0.07103999999999999,0.0,0.1,0.0
2021-03-21,0.5786181818181818,0.19968,0.5663999999999999,0.13728,0.0,0.12,0.07,0.20467199999999997,0.25792000000000004,0.18,0.10038260869565217,0.15,0.13,0.079872,0.44159999999999994,0.0,0.0,0.19225945945945946,0.0,0.05,0.28859999999999997,0.13,0.13011063829787234,0.0,0.12182857142857142,0.12,0.04,0.18,0.12288,0.0,0.09,0.0
2021-03-28,0.4538181818181818,0.2496,0.5087999999999999,0.122304,0.07926486486486485,0.1,0.08,0.2496,0.2912,0.18,0.0,0.16,0.12,0.113568,0.5376,0.0,0.0,0.1619027027027027,0.0,0.04,0.3432,0.12,0.09293617021276594,0.0,0.15748571428571428,0.12,0.04,0.18,0.14592,0.0,0.09,0.0
2021-04-04,0.6126545454545455,0.21465599999999999,0.624,0.08736,0.0,0.09,0.08,0.264576,0.27456,0.16,0.0705391304347826,0.15,0.12,0.0,0.4224,0.0,0.0,0.24285405405405405,0.0,0.05,0.30419999999999997,0.13,0.09559148936170213,0.0,0.1426285714285714,0.12,0.04,0.18,0.144,0.0,0.09,0.0
2021-04-11,0.4197818181818182,0.23462399999999997,0.5376,0.09984,0.0,0.1,0.07,0.35443199999999997,0.37439999999999996,0.17,0.0705391304347826,0.15,0.12,0.0,0.41279999999999994,0.0,0.103584,0.16527567567567567,0.10431044776119403,0.04,0.3432,0.14,0.06903829787234042,0.0,0.1337142857142857,0.15,0.04,0.24,0.14207999999999998,0.0,0.1,0.0
2021-04-18,0.3857454545454545,0.159744,0.5568,0.09235199999999999,0.0,0.12,0.08,0.384384,0.22464,0.17,0.09495652173913044,0.15,0.11,0.0,0.4608,0.0,0.0,0.18888648648648648,0.08568358208955223,0.04,0.2808,0.13,0.11152340425531913,0.0,0.08914285714285713,0.15,0.04,0.19,0.17088,0.0,0.1,0.0
2021-04-25,0.46516363636363633,0.17971199999999998,0.528,0.14227199999999998,0.0,0.1,0.08,0.264576,0.29951999999999995,0.17,0.06782608695652173,0.14,0.12,0.0,0.3552,0.0,0.0,0.17876756756756756,0.08568358208955223,0.04,0.2964,0.13,0.08762553191489361,0.0,0.0832,0.14,0.03,0.19,0.09024,0.0,0.09,0.0
2021-05-02,0.44247272727272724,0.14975999999999998,0.5376,0.154752,0.07083243243243242,0.11,0.08,0.23961599999999997,0.25792000000000004,0.17,0.0,0.15,0.11,0.113568,0.4032,0.0,0.0,0.23948108108108107,0.1061731343283582,0.04,0.37439999999999996,0.14,0.1141787234042553,0.0,0.1426285714285714,0.13,0.03,0.2,0.09792,0.0,0.11,0.0
2021-05-09,0.46516363636363633,0.14476799999999998,0.5087999999999999,0.094848,0.0,0.11,0.07,0.21465599999999999,0.208,0.16,0.10038260869565217,0.16,0.11,0.0,0.432,0.0,0.0,0.2361081081081081,0.0,0.04,0.3588,0.14,0.09559148936170213,0.0,0.1456,0.13,0.03,0.18,0.11711999999999999,0.0,0.1,0.0
2021-05-16,0.46516363636363633,0.14476799999999998,0.5087999999999999,0.16972800000000002,0.0,0.1,0.08,0.304512,0.24128,0.17,0.0,0.14,0.1,0.0,0.4512,0.0,0.0,0.21587027027027028,0.12107462686567164,0.05,0.22619999999999998,0.14,0.14338723404255319,0.0,0.22285714285714286,0.13,0.03,0.19,0.096,0.0,0.11,0.0
2021-05-23,0.4311272727272727,0.23462399999999997,0.6047999999999999,0.10233599999999998,0.0,0.11,0.08,0.18470399999999998,0.25792000000000004,0.17,0.07867826086956521,0.14,0.1,0.0,0.44159999999999994,0.0,0.0,0.252972972972973,0.0,0.03,0.3198,0.13,0.1141787234042553,0.0,0.11588571428571429,0.14,0.04,0.19,0.08064,0.0,0.11,0.0
2021-05-30,0.48785454545454543,0.19968,0.5184,0.14227199999999998,0.0,0.09,0.08,0.36940799999999996,0.25792000000000004,0.17,0.0,0.12,0.1,0.0,0.4704,0.0,0.0,0.2496,0.12293731343283582,0.04,0.3198,0.15,0.08497021276595744,0.0,0.13074285714285713,0.14,0.03,0.17,0.08448,0.0,0.11,0.0
2021-06-06,0.4311272727272727,0.079872,0.4704,0.104832,0.0,0.08,0.07,0.254592,0.25792000000000004,0.16,0.08410434782608696,0.13,0.09,0.0,0.39359999999999995,0.0,0.0,0.29007567567567566,0.1415641791044776,0.04,0.351,0.13,0.09028085106382978,0.0,0.08914285714285713,0.14,0.03,0.18,0.13631999999999997,0.0,0.11,0.0
2021-06-13,0.46516363636363633,0.10982399999999999,0.5184,0.08985599999999999,0.0,0.09,0.09,0.189696,0.22464,0.15,0.08139130434782609,0.14,0.11,0.101088,0.48,0.0,0.0,0.2867027027027027,0.0,0.04,0.312,0.14,0.09028085106382978,0.0,0.15154285714285712,0.14,0.03,0.18,0.08832,0.0,0.11,0.0
2021-06-20,0.3517090909090909,0.259584,0.432,0.11980799999999998,0.0,0.08,0.08,0.229632,0.31616,0.16,0.0,0.13,0.11,0.0,0.4992,0.0,0.0,0.16864864864864865,0.0,0.04,0.312,0.13,0.08231489361702127,0.0,0.08022857142857143,0.14,0.05,0.18,0.1056,0.0,0.11,0.0
2021-06-27,0.4538181818181818,0.19968,0.4896,0.08985599999999999,0.0,0.09,0.08,0.23462399999999997,0.208,0.16,0.07867826086956521,0.16,0.11,0.0,0.4224,0.078624,0.0,0.1990054054054054,0.0,0.04,0.312,0.13,0.07965957446808511,0.0,0.1248,0.14,0.04,0.17,0.11904,0.0,0.09,0.0
2021-07-04,0.4311272727272727,0.159744,0.48,0.10732799999999999,0.0,0.08,0.07,0.28953599999999996,0.27456,0.17,0.10309565217391303,0.12,0.09,0.0,0.432,0.0,0.0,0.1484108108108108,0.1061731343283582,0.04,0.2808,0.14,0.15400851063829787,0.0,0.09805714285714286,0.15,0.04,0.19,0.08448,0.0,0.1,0.0
2021-07-11,0.48785454545454543,0.23462399999999997,0.4032,0.08985599999999999,0.0,0.08,0.08,0.189696,0.29951999999999995,0.17,0.0,0.13,0.13,0.1248,0.36479999999999996,0.0,0.0,0.19563243243243242,0.0,0.04,0.25739999999999996,0.13,0.0982468085106383,0.0,0.1129142857142857,0.14,0.03,0.18,0.1344,0.0,0.1,0.0
2021-07-18,0.4765090909090909,0.17971199999999998,0.5087999999999999,0.0,0.0,0.08,0.08,0.26956800000000003,0.3328,0.21,0.08410434782608696,0.14,0.12,0.0,0.36479999999999996,0.0,0.0,0.1990054054054054,0.0,0.04,0.2652,0.14,0.09559148936170213,0.0,0.12777142857142856,0.15,0.04,0.17,0.1056,0.0,0.09,0.0
2021-07-25,0.3857454545454545,0.189696,0.48,0.132288,0.0,0.08,0.08,0.23462399999999997,0.32448,0.21,0.0,0.14,0.13,0.0,0.4704,0.0,0.0,0.16864864864864865,0.0,0.04,0.3978,0.13,0.1062127659574468,0.0,0.18125714285714284,0.15,0.03,0.17,0.07296,0.0,0.1,0.0
2021-08-01,0.5559272727272726,0.264576,0.39359999999999995,0.16224,0.0,0.08,0.07,0.17472,0.34112,0.22,0.0,0.12,0.14,0.0,0.4512,0.0,0.0,0.19225945945945946,0.0,0.04,0.28859999999999997,0.13,0.0,0.0,0.1366857142857143,0.15,0.03,0.16,0.10752,0.0,0.11,0.0
2021-08-08,0.5445818181818182,0.26956800000000003,0.5087999999999999,0.14227199999999998,0.0,0.09,0.08,0.18470399999999998,0.24128,0.23,0.0,0.14,0.16,0.0,0.5663999999999999,0.0,0.0,0.20912432432432432,0.0,0.04,0.3588,0.12,0.12745531914893615,0.094848,0.12182857142857142,0.14,0.03,0.18,0.0,0.0,0.11,0.0
2021-08-15,0.4765090909090909,0.254592,0.528,0.14476799999999998,0.0,0.1,0.07,0.254592,0.29951999999999995,0.24,0.10852173913043478,0.15,0.17,0.0,0.6047999999999999,0.0,0.0,0.20237837837837838,0.09685970149253731,0.04,0.2496,0.12,0.07434893617021276,0.0,0.19017142857142855,0.15,0.03,0.18,0.08256,0.0,0.1,0.0
2021-08-22,0.3857454545454545,0.20467199999999997,0.4992,0.17472,0.08095135135135136,0.1,0.08,0.21964799999999998,0.25792000000000004,0.23,0.09224347826086955,0.13,0.16,0.0,0.6335999999999999,0.0,0.0,0.17876756756756756,0.0,0.04,0.3588,0.16,0.13807659574468084,0.0,0.1337142857142857,0.16,0.03,0.18,0.09408,0.0,0.1,0.0
2021-08-29,0.46516363636363633,0.22464,0.5087999999999999,0.14476799999999998,0.0,0.12,0.07,0.229632,0.27456,0.21,0.0976695652173913,0.13,0.14,0.0,0.4704,0.0,0.0,0.1720216216216216,0.0,0.04,0.351,0.16,0.1062127659574468,0.0,0.16045714285714285,0.16,0.03,0.18,0.11904,0.0,0.09,0.0
2021-09-05,0.5105454545454545,0.21465599999999999,0.4896,0.10982399999999999,0.0,0.11,0.07,0.2496,0.2496,0.2,0.0,0.13,0.14,0.0,0.4992,0.0,0.0,0.21249729729729727,0.09499701492537313,0.05,0.3354,0.14,0.0982468085106383,0.0,0.23474285714285714,0.13,0.03,0.18,0.096,0.0,0.1,0.0
2021-09-12,0.40843636363636365,0.189696,0.5376,0.13478400000000001,0.0,0.11,0.07,0.29951999999999995,0.35775999999999997,0.19,0.0,0.12,0.12,0.0,0.576,0.0,0.0,0.19563243243243242,0.0,0.14,0.30419999999999997,0.11,0.1141787234042553,0.0,0.12182857142857142,0.14,0.04,0.18,0.08832,0.0,0.09,0.0
2021-09-19,0.44247272727272724,0.23462399999999997,0.4992,0.232128,0.0,0.12,0.07,0.209664,0.31616,0.19,0.0,0.13,0.12,0.0,0.6144000000000001,0.0,0.0,0.18214054054054052,0.07823283582089552,0.12,0.351,0.14,0.13011063829787234,0.0,0.1366857142857143,0.13,0.04,0.18,0.14016,0.0,0.1,0.0
2021-09-26,0.46516363636363633,0.20467199999999997,0.528,0.152256,0.0860108108108108,0.13,0.08,0.17971199999999998,0.25792000000000004,0.19,0.08410434782608696,0.13,0.13,0.0,0.5663999999999999,0.0,0.0,0.17876756756756756,0.0,0.03,0.3822,0.13,0.1141787234042553,0.0,0.1426285714285714,0.13,0.04,0.18,0.07487999999999999,0.0,0.1,0.0
2021-10-03,0.5105454545454545,0.21964799999999998,0.5472,0.097344,0.0,0.12,0.08,0.194688,0.32448,0.18,0.07325217391304348,0.14,0.11,0.0,0.528,0.0,0.0,0.20575135135135134,0.0,0.04,0.45239999999999997,0.14,0.09559148936170213,0.0,0.19017142857142855,0.12,0.04,0.18,0.09984,0.0,0.1,0.0
2021-10-10,0.5445818181818182,0.2496,0.4608,0.164736,0.0,0.12,0.09,0.21964799999999998,0.30784,0.18,0.0,0.15,0.12,0.0,0.5568,0.0,0.0,0.19563243243243242,0.0,0.04,0.4836,0.12,0.16197446808510638,0.0,0.1248,0.14,0.03,0.2,0.10368,0.0,0.11,0.0
2021-10-17,0.5332363636363636,0.26956800000000003,0.5856,0.104832,0.0,0.13,0.08,0.20467199999999997,0.26624,0.18,0.08410434782608696,0.14,0.13,0.0,0.624,0.0,0.0,0.19225945945945946,0.0,0.04,0.4992,0.13,0.0,0.0,0.15154285714285712,0.15,0.04,0.19,0.08064,0.0,0.11,0.0
2021-10-24,0.6807272727272726,0.14975999999999998,0.5952,0.09984,0.0,0.13,0.08,0.194688,0.32448,0.18,0.08139130434782609,0.15,0.11,0.08486400000000001,0.6047999999999999,0.0,0.0,0.21924324324324324,0.08382089552238806,0.03,0.5304,0.12,0.07700425531914894,0.0,0.23177142857142857,0.16,0.04,0.19,0.11711999999999999,0.0,0.11,0.0
2021-10-31,0.4538181818181818,0.194688,0.44159999999999994,0.157248,0.0860108108108108,0.12,0.08,0.259584,0.30784,0.19,0.07325217391304348,0.15,0.11,0.077376,0.672,0.0,0.0,0.252972972972973,0.0,0.04,0.4758,0.1,0.10355744680851063,0.0,0.16937142857142856,0.14,0.05,0.19,0.1248,0.0,0.09,0.0
2021-11-07,0.4992,0.16972800000000002,0.5184,0.104832,0.08095135135135136,0.12,0.09,0.209664,0.36607999999999996,0.22,0.14379130434782608,0.17,0.13,0.086112,0.7007999999999999,0.0,0.0,0.22261621621621622,0.0,0.03,0.5616,0.11,0.10886808510638298,0.0,0.16045714285714285,0.14,0.06,0.22,0.09408,0.0,0.11,0.0
2021-11-14,0.5332363636363636,0.26956800000000003,0.576,0.18719999999999998,0.12311351351351352,0.14,0.1,0.229632,0.38272,0.24,0.10852173913043478,0.16,0.14,0.07113599999999999,0.6911999999999999,0.0,0.0,0.23273513513513513,0.08754626865671641,0.04,0.40559999999999996,0.12,0.14604255319148937,0.0,0.07725714285714286,0.14,0.06,0.22,0.13248,0.0,0.11,0.0
2021-11-21,0.46516363636363633,0.26956800000000003,0.5663999999999999,0.16972800000000002,0.1484108108108108,0.11,0.1,0.20467199999999997,0.31616,0.25,0.14921739130434783,0.15,0.13,0.0,0.7392,0.0,0.0,0.21587027027027028,0.0,0.03,0.5382,0.11,0.1327659574468085,0.0,0.1337142857142857,0.13,0.09,0.23,0.12288,0.0,0.13,0.0
2021-11-28,0.4992,0.27456,0.5663999999999999,0.23711999999999997,0.10287567567567567,0.14,0.11,0.264576,0.39104,0.28,0.16549565217391302,0.17,0.17,0.09110399999999999,0.8543999999999999,0.0,0.0,0.1619027027027027,0.0,0.04,0.5226,0.13,0.17790638297872338,0.0,0.11588571428571429,0.16,0.08,0.24,0.1344,0.0,0.13,0.0
2021-12-05,0.5332363636363636,0.2496,0.5472,0.194688,0.16864864864864865,0.13,0.11,0.264576,0.36607999999999996,0.25,0.14921739130434783,0.17,0.18,0.11731199999999999,0.7776,0.0,0.0,0.1720216216216216,0.0,0.03,0.6162,0.11,0.10355744680851063,0.0,0.17828571428571427,0.13,0.06,0.26,0.0,0.0,0.14,0.0
2021-12-12,0.5559272727272726,0.2496,0.6527999999999999,0.14476799999999998,0.14335135135135135,0.14,0.1,0.21465599999999999,0.52416,0.23,0.12751304347826087,0.15,0.17,0.0,0.816,0.0,0.0,0.19225945945945946,0.0,0.03,0.507,0.11,0.1141787234042553,0.0,0.16937142857142856,0.12,0.06,0.27,0.1056,0.0,0.15,0.0
2021-12-19,0.5445818181818182,0.254592,0.5952,0.20467199999999997,0.09781621621621621,0.12,0.08,0.20467199999999997,0.5824,0.21,0.11937391304347826,0.17,0.14,0.0,0.7968000000000001,0.0,0.0,0.14166486486486485,0.0,0.02,0.45239999999999997,0.1,0.08762553191489361,0.0,0.1426285714285714,0.11,0.06,0.2,0.09216,0.0,0.13,0.0
2021-12-26,0.5672727272727273,0.264576,0.7295999999999999,0.21964799999999998,0.0,0.1,0.09,0.19968,0.44928,0.22,0.0976695652173913,0.17,0.12,0.0,0.6911999999999999,0.0,0.0,0.16864864864864865,0.0,0.03,0.3432,0.12,0.1141787234042553,0.0,0.08617142857142857,0.11,0.06,0.18,0.07680000000000001,0.0,0.09,0.0
2022-01-02,0.6126545454545455,0.27456,0.72,0.17971199999999998,0.0,0.12,0.1,0.334464,0.42432,0.24,0.14379130434782608,0.16,0.16,0.0,0.768,0.0,0.0,0.24622702702702703,0.0,0.03,0.4758,0.11,0.16462978723404254,0.0,0.15154285714285712,0.13,0.05,0.24,0.11711999999999999,0.0,0.1,0.0
2022-01-09,0.6126545454545455,0.319488,0.72,0.21715199999999998,0.09781621621621621,0.15,0.09,0.279552,0.30784,0.21,0.07867826086956521,0.17,0.14,0.0,0.5856,0.0,0.0,0.1619027027027027,0.0,0.04,0.45239999999999997,0.12,0.11152340425531913,0.0,0.11885714285714284,0.14,0.05,0.23,0.18432,0.0,0.08,0.0
2022-01-16,0.5559272727272726,0.21465599999999999,0.48,0.189696,0.0,0.15,0.09,0.229632,0.29951999999999995,0.19,0.0,0.17,0.11,0.0,0.5184,0.0,0.0,0.15515675675675675,0.0,0.04,0.43679999999999997,0.11,0.09293617021276594,0.0,0.1456,0.13,0.03,0.24,0.0,0.0,0.09,0.0
2022-01-23,0.5218909090909091,0.23961599999999997,0.6911999999999999,0.21715199999999998,0.0,0.14,0.08,0.19968,0.39104,0.2,0.0976695652173913,0.16,0.14,0.0,0.6527999999999999,0.0,0.08736,0.17876756756756756,0.07450746268656716,0.04,0.4134,0.12,0.16462978723404254,0.0,0.12182857142857142,0.15,0.04,0.24,0.09216,0.0,0.09,0.0
2022-01-30,0.5899636363636364,0.27456,0.768,0.197184,0.0,0.14,0.1,0.23462399999999997,0.36607999999999996,0.21,0.0,0.17,0.13,0.0,0.5568,0.103584,0.086112,0.1619027027027027,0.0800955223880597,0.04,0.3978,0.12,0.1141787234042553,0.0,0.1129142857142857,0.14,0.04,0.25,0.14207999999999998,0.0,0.09,0.0
2022-02-06,0.6126545454545455,0.29951999999999995,0.7871999999999999,0.197184,0.0,0.17,0.09,0.29452799999999996,0.27456,0.18,0.17906086956521738,0.17,0.15,0.07363199999999999,0.6144000000000001,0.0,0.0,0.2563459459459459,0.08382089552238806,0.04,0.5771999999999999,0.13,0.08231489361702127,0.0,0.16937142857142856,0.14,0.03,0.26,0.144,0.0,0.11,0.0
2022-02-13,0.5786181818181818,0.27456,0.6144000000000001,0.11731199999999999,0.0,0.15,0.1,0.209664,0.34944,0.18,0.0976695652173913,0.17,0.13,0.064896,0.5184,0.0,0.0,0.20912432432432432,0.1061731343283582,0.04,0.45239999999999997,0.13,0.07434893617021276,0.0,0.19908571428571428,0.12,0.04,0.24,0.08832,0.0,0.09,0.0
2022-02-20,0.6353454545454545,0.2496,0.6527999999999999,0.172224,0.0,0.13,0.09,0.159744,0.24128,0.19,0.11123478260869564,0.17,0.13,0.05990399999999999,0.6047999999999999,0.0,0.0,0.2563459459459459,0.08940895522388059,0.04,0.4446,0.13,0.09028085106382978,0.0,0.11885714285714284,0.13,0.05,0.25,0.11136,0.0,0.09,0.0
2022-02-27,0.4765090909090909,0.304512,0.6144000000000001,0.14227199999999998,0.0,0.16,0.08,0.23462399999999997,0.19136,0.18,0.11937391304347826,0.17,0.13,0.07113599999999999,0.6335999999999999,0.0,0.0,0.21924324324324324,0.09499701492537313,0.04,0.40559999999999996,0.13,0.10886808510638298,0.0,0.104,0.13,0.04,0.25,0.11904,0.0,0.1,0.0
2022-03-06,0.5672727272727273,0.19968,0.72,0.139776,0.0,0.14,0.09,0.16972800000000002,0.29951999999999995,0.18,0.09495652173913044,0.16,0.12,0.0,0.5568,0.083616,0.0,0.15515675675675675,0.10803582089552238,0.04,0.4758,0.12,0.11683404255319149,0.0,0.15451428571428572,0.14,0.03,0.21,0.12288,0.0,0.1,0.0
2022-03-13,0.5786181818181818,0.22464,0.624,0.069888,0.06071351351351351,0.12,0.09,0.209664,0.25792000000000004,0.19,0.08410434782608696,0.17,0.13,0.063648,0.5952,0.0,0.0,0.2833297297297297,0.08940895522388059,0.04,0.38999999999999996,0.15,0.13807659574468084,0.0,0.1664,0.13,0.04,0.22,0.10368,0.0,0.1,0.0
2022-03-20,0.5445818181818182,0.22464,0.6047999999999999,0.132288,0.0,0.13,0.09,0.189696,0.208,0.19,0.0,0.18,0.14,0.0624,0.5472,0.0,0.0,0.26646486486486487,0.0,0.04,0.3666,0.14,0.1248,0.0,0.104,0.14,0.03,0.25,0.15744,0.0,0.09,0.0
2022-03-27,0.5559272727272726,0.279552,0.576,0.152256,0.08432432432432432,0.17,0.09,0.279552,0.2912,0.21,0.06782608695652173,0.18,0.13,0.05990399999999999,0.72,0.0,0.08985599999999999,0.1720216216216216,0.1248,0.04,0.37439999999999996,0.14,0.1141787234042553,0.0,0.17828571428571427,0.12,0.04,0.25,0.10752,0.0,0.11,0.0
2022-04-03,0.6126545454545455,0.244608,0.5663999999999999,0.09235199999999999,0.06408648648648647,0.17,0.09,0.29951999999999995,0.2912,0.2,0.06511304347826087,0.17,0.13,0.057408,0.6335999999999999,0.0,0.0,0.20575135135135134,0.0,0.04,0.5226,0.13,0.15666382978723403,0.0,0.1961142857142857,0.14,0.04,0.27,0.10752,0.0,0.1,0.07363199999999999
2022-04-10,0.5445818181818182,0.209664,0.5376,0.152256,0.05734054054054054,0.15,0.08,0.264576,0.26624,0.18,0.11937391304347826,0.16,0.11,0.0,0.5184,0.0,0.0,0.22936216216216215,0.06333134328358209,0.04,0.4134,0.15,0.12745531914893615,0.0,0.1337142857142857,0.14,0.03,0.25,0.0,0.0,0.1,0.0
2022-04-17,0.5786181818181818,0.22464,0.624,0.152256,0.0,0.17,0.09,0.26956800000000003,0.24128,0.18,0.0705391304347826,0.17,0.12,0.0,0.5184,0.0,0.053663999999999996,0.24285405405405405,0.10803582089552238,0.03,0.42119999999999996,0.15,0.17259574468085107,0.0,0.17234285714285713,0.12,0.03,0.26,0.12288,0.0,0.1,0.0
2022-04-24,0.6013090909090909,0.23961599999999997,0.6816,0.114816,0.05902702702702702,0.18,0.09,0.314496,0.29951999999999995,0.21,0.08410434782608696,0.17,0.13,0.0,0.48,0.0,0.0,0.15178378378378377,0.07264477611940298,0.04,0.38999999999999996,0.17,0.12214468085106382,0.0,0.1456,0.15,0.03,0.25,0.11136,0.0,0.11,0.0
2022-05-01,0.6126545454545455,0.194688,0.5568,0.14476799999999998,0.05734054054054054,0.17,0.09,0.259584,0.26624,0.21,0.11123478260869564,0.17,0.13,0.05116799999999999,0.5952,0.0,0.0,0.22936216216216215,0.05774328358208955,0.04,0.3978,0.15,0.1141787234042553,0.0,0.1456,0.14,0.03,0.26,0.11904,0.0,0.11,0.0
2022-05-08,0.4992,0.22464,0.6047999999999999,0.10732799999999999,0.0,0.19,0.08,0.16972800000000002,0.29951999999999995,0.2,0.11394782608695651,0.16,0.12,0.0,0.4608,0.0,0.0,0.18888648648648648,0.1061731343283582,0.04,0.3666,0.15,0.08231489361702127,0.0,0.0,0.15,0.03,0.26,0.0,0.0,0.11,0.0
2022-05-15,0.5218909090909091,0.194688,0.5472,0.154752,0.0,0.18,0.07,0.26956800000000003,0.26624,0.19,0.10038260869565217,0.17,0.11,0.0,0.5952,0.0,0.0,0.24622702702702703,0.0,0.05,0.40559999999999996,0.14,0.07700425531914894,0.0,0.13074285714285713,0.14,0.03,0.22,0.0,0.0,0.12,0.0
2022-05-22,0.5332363636363636,0.13478400000000001,0.576,0.10982399999999999,0.0,0.16,0.08,0.279552,0.27456,0.18,0.06511304347826087,0.15,0.12,0.0,0.5472,0.0,0.0,0.2597189189189189,0.06705671641791044,0.05,0.3666,0.16,0.1248,0.0,0.104,0.14,0.04,0.26,0.10175999999999999,0.0,0.12,0.0
2022-05-29,0.5559272727272726,0.23462399999999997,0.5568,0.094848,0.0,0.12,0.08,0.2496,0.2912,0.17,0.0,0.16,0.1,0.0,0.4608,0.0,0.0,0.23273513513513513,0.0,0.04,0.3588,0.16,0.11948936170212766,0.0,0.16342857142857142,0.14,0.03,0.23,0.15167999999999998,0.0,0.12,0.0
2022-06-05,0.5218909090909091,0.264576,0.5568,0.13728,0.06745945945945946,0.13,0.09,0.194688,0.29951999999999995,0.18,0.07325217391304348,0.15,0.11,0.0,0.48,0.0,0.0,0.23273513513513513,0.07264477611940298,0.04,0.40559999999999996,0.14,0.0982468085106383,0.0,0.16045714285714285,0.16,0.03,0.21,0.16128,0.0,0.12,0.0
2022-06-12,0.5105454545454545,0.319488,0.4704,0.1248,0.0,0.12,0.09,0.21465599999999999,0.30784,0.18,0.10852173913043478,0.13,0.13,0.0,0.4608,0.0,0.0,0.3136864864864865,0.11176119402985074,0.03,0.4446,0.14,0.06903829787234042,0.0,0.1248,0.14,0.04,0.21,0.16319999999999998,0.0,0.12,0.0
2022-06-19,0.6466909090909091,0.164736,0.5184,0.154752,0.0,0.11,0.08,0.189696,0.2912,0.18,0.11937391304347826,0.14,0.12,0.0,0.4512,0.0,0.0,0.29007567567567566,0.0800955223880597,0.04,0.3354,0.16,0.11948936170212766,0.0,0.14857142857142858,0.14,0.04,0.21,0.12863999999999998,0.0,0.12,0.0
2022-06-26,0.48785454545454543,0.2496,0.6144000000000001,0.08486400000000001,0.08263783783783783,0.11,0.07,0.244608,0.19968,0.18,0.10852173913043478,0.15,0.12,0.076128,0.4608,0.0,0.0,0.2496,0.10989850746268656,0.04,0.3978,0.17,0.140731914893617,0.0,0.10697142857142856,0.14,0.03,0.2,0.11711999999999999,0.0,0.11,0.0
2022-07-03,0.5445818181818182,0.22464,0.5952,0.167232,0.0,0.11,0.09,0.259584,0.14975999999999998,0.19,0.0,0.16,0.12,0.0,0.5087999999999999,0.0,0.0,0.2765837837837838,0.0,0.04,0.3432,0.15,0.140731914893617,0.0,0.06834285714285715,0.14,0.03,0.21,0.09408,0.0,0.11,0.0
2022-07-10,0.5899636363636364,0.23462399999999997,0.5376,0.127296,0.0,0.12,0.09,0.21964799999999998,0.3328,0.22,0.11123478260869564,0.15,0.15,0.06864,0.4608,0.0,0.0,0.18888648648648648,0.12852537313432835,0.05,0.4134,0.16,0.15931914893617022,0.0,0.11588571428571429,0.14,0.04,0.22,0.11904,0.0,0.12,0.0
2022-07-17,0.5218909090909091,0.22464,0.5184,0.132288,0.06745945945945946,0.11,0.09,0.23462399999999997,0.2912,0.21,0.0,0.16,0.14,0.0,0.432,0.0,0.0,0.2361081081081081,0.1322507462686567,0.05,0.4134,0.16,0.0,0.0,0.09211428571428572,0.14,0.04,0.22,0.18816,0.0,0.12,0.0
2022-07-24,0.5899636363636364,0.259584,0.48,0.09984,0.09781621621621621,0.13,0.08,0.244608,0.25792000000000004,0.23,0.08410434782608696,0.15,0.15,0.0,0.4992,0.0,0.0,0.23948108108108107,0.10058507462686567,0.05,0.3822,0.15,0.1062127659574468,0.0,0.1248,0.13,0.03,0.23,0.11711999999999999,0.0,0.12,0.0
2022-07-31,0.6466909090909091,0.29452799999999996,0.5087999999999999,0.1248,0.0,0.12,0.08,0.2496,0.27456,0.28,0.2577391304347826,0.15,0.17,0.0,0.5663999999999999,0.0,0.097344,0.2563459459459459,0.06891940298507462,0.05,0.3666,0.16,0.11683404255319149,0.0,0.21394285714285713,0.15,0.03,0.23,0.14207999999999998,0.0,0.12,0.0
2022-08-07,0.5559272727272726,0.19968,0.5376,0.13478400000000001,0.0,0.13,0.08,0.17472,0.27456,0.29,0.1519304347826087,0.15,0.15,0.0,0.48,0.0,0.064896,0.1382918918918919,0.0,0.04,0.351,0.15,0.15931914893617022,0.0,0.29714285714285715,0.16,0.03,0.27,0.0,0.0,0.12,0.0
2022-08-14,0.5218909090909091,0.23462399999999997,0.6047999999999999,0.094848,0.0,0.15,0.07,0.209664,0.23296,0.27,0.13836521739130433,0.16,0.16,0.0,0.6047999999999999,0.0,0.0,0.20912432432432432,0.0,0.04,0.3978,0.15,0.13011063829787234,0.0,0.17234285714285713,0.16,0.03,0.27,0.09408,0.0,0.12,0.0
2022-08-21,0.6013090909090909,0.21964799999999998,0.6527999999999999,0.21216,0.07589189189189188,0.17,0.09,0.17971199999999998,0.15808,0.27,0.10309565217391303,0.17,0.15,0.0,0.72,0.08112,0.0,0.18214054054054052,0.08195820895522388,0.04,0.46799999999999997,0.16,0.14869787234042553,0.0,0.21394285714285713,0.17,0.04,0.27,0.192,0.06864,0.12,0.0
2022-08-28,0.5672727272727273,0.254592,0.5856,0.1248,0.11974054054054054,0.18,0.08,0.21465599999999999,0.34112,0.24,0.0,0.17,0.14,0.07238399999999999,0.72,0.0,0.0,0.15515675675675675,0.06519402985074627,0.04,0.3588,0.14,0.13011063829787234,0.0,0.1961142857142857,0.17,0.04,0.27,0.07487999999999999,0.0,0.11,0.0
2022-09-04,0.4311272727272727,0.29452799999999996,0.624,0.164736,0.0,0.17,0.08,0.17472,0.22464,0.2,0.0,0.16,0.13,0.0,0.5952,0.0,0.0,0.23273513513513513,0.0,0.04,0.4446,0.13,0.16197446808510638,0.0,0.12777142857142856,0.14,0.03,0.28,0.15360000000000001,0.0,0.11,0.0
2022-09-11,0.5218909090909091,0.209664,0.5856,0.132288,0.0,0.19,0.09,0.26956800000000003,0.28287999999999996,0.2,0.08681739130434782,0.16,0.13,0.0,0.6624,0.0,0.0,0.18214054054054052,0.09313432835820895,0.04,0.42119999999999996,0.14,0.10886808510638298,0.0,0.1426285714285714,0.15,0.03,0.26,0.1248,0.0,0.11,0.0
2022-09-18,0.46516363636363633,0.23961599999999997,0.6911999999999999,0.16972800000000002,0.0,0.17,0.09,0.21964799999999998,0.26624,0.19,0.16278260869565217,0.17,0.12,0.0,0.528,0.0,0.0,0.20237837837837838,0.0,0.05,0.4602,0.13,0.10090212765957446,0.0,0.1456,0.14,0.02,0.24,0.09216,0.0,0.11,0.0
2022-09-25,0.5332363636363636,0.21465599999999999,0.72,0.16224,0.08263783783783783,0.18,0.08,0.189696,0.24128,0.2,0.09495652173913044,0.15,0.12,0.0,0.6047999999999999,0.0,0.0,0.18888648648648648,0.1248,0.05,0.4992,0.14,0.07169361702127659,0.0,0.1664,0.14,0.03,0.24,0.10752,0.0,0.12,0.0
2022-10-02,0.46516363636363633,0.194688,0.5376,0.14227199999999998,0.0,0.18,0.09,0.229632,0.208,0.19,0.13565217391304346,0.15,0.13,0.079872,0.48,0.0,0.0,0.26646486486486487,0.12107462686567164,0.05,0.6162,0.15,0.09559148936170213,0.0,0.15154285714285712,0.15,0.03,0.26,0.08832,0.0,0.12,0.0
2022-10-09,0.5899636363636364,0.28953599999999996,0.7295999999999999,0.16224,0.0,0.17,0.07,0.19968,0.23296,0.2,0.15464347826086955,0.17,0.13,0.0,0.44159999999999994,0.0,0.0,0.2597189189189189,0.0,0.05,0.5538,0.14,0.12745531914893615,0.0,0.15748571428571428,0.15,0.05,0.26,0.12863999999999998,0.0,0.12,0.0
2022-10-16,0.44247272727272724,0.2496,0.6911999999999999,0.10732799999999999,0.08769729729729729,0.17,0.09,0.209664,0.2496,0.19,0.0,0.16,0.13,0.0,0.624,0.0,0.0,0.24285405405405405,0.0,0.04,0.5459999999999999,0.13,0.13807659574468084,0.0,0.1426285714285714,0.16,0.03,0.25,0.09024,0.0,0.13,0.0
2022-10-23,0.5218909090909091,0.264576,0.5952,0.17472,0.0,0.18,0.08,0.209664,0.28287999999999996,0.19,0.11123478260869564,0.16,0.13,0.0,0.5184,0.0,0.0,0.1585297297297297,0.08568358208955223,0.04,0.7332,0.13,0.1248,0.0,0.14857142857142858,0.16,0.03,0.23,0.08832,0.0,0.13,0.0
2022-10-30,0.4765090909090909,0.27456,0.6432,0.10982399999999999,0.08432432432432432,0.18,0.09,0.129792,0.19136,0.21,0.11394782608695651,0.16,0.13,0.05990399999999999,0.528,0.0,0.0,0.20575135135135134,0.0,0.03,0.43679999999999997,0.13,0.08497021276595744,0.0,0.1337142857142857,0.14,0.03,0.25,0.14016,0.0,0.12,0.0
2022-11-06,0.5105454545454545,0.264576,0.5856,0.16224,0.07589189189189188,0.17,0.09,0.17971199999999998,0.27456,0.18,0.11666086956521739,0.16,0.13,0.0,0.6144000000000001,0.0,0.0,0.21587027027027028,0.06891940298507462,0.04,0.6162,0.11,0.1141787234042553,0.0,0.19314285714285714,0.13,0.05,0.27,0.0672,0.0,0.12,0.0
2022-11-13,0.5559272727272726,0.21465599999999999,0.6335999999999999,0.127296,0.10118918918918919,0.18,0.09,0.22464,0.32448,0.23,0.11666086956521739,0.18,0.14,0.079872,0.6047999999999999,0.0,0.0,0.1585297297297297,0.0,0.04,0.5771999999999999,0.11,0.11948936170212766,0.0,0.11588571428571429,0.13,0.05,0.28,0.07680000000000001,0.0,0.14,0.0
2022-11-20,0.48785454545454543,0.28953599999999996,0.5376,0.139776,0.11299459459459459,0.13,0.08,0.189696,0.27456,0.22,0.18719999999999998,0.16,0.15,0.079872,0.624,0.0,0.0,0.21587027027027028,0.0,0.04,0.4602,0.1,0.10886808510638298,0.0,0.16045714285714285,0.12,0.1,0.27,0.10752,0.0,0.17,0.0
2022-11-27,0.5559272727272726,0.279552,0.5856,0.207168,0.15347027027027027,0.19,0.11,0.21964799999999998,0.45759999999999995,0.25,0.11394782608695651,0.17,0.16,0.079872,0.5952,0.0,0.0,0.1349189189189189,0.0707820895522388,0.03,0.5226,0.11,0.11152340425531913,0.0,0.1337142857142857,0.13,0.07,0.33,0.09216,0.0,0.18,0.0
2022-12-04,0.5899636363636364,0.384384,0.5952,0.207168,0.1467243243243243,0.2,0.11,0.209664,0.46592,0.26,0.1953391304347826,0.17,0.18,0.07363199999999999,0.7776,0.0,0.0,0.14166486486486485,0.06333134328358209,0.03,0.6941999999999999,0.11,0.11948936170212766,0.0,0.1337142857142857,0.13,0.06,0.34,0.10368,0.0,0.17,0.0
2022-12-11,0.48785454545454543,0.304512,0.576,0.23711999999999997,0.08938378378378378,0.22,0.1,0.2496,0.46592,0.27,0.2116173913043478,0.18,0.18,0.07487999999999999,0.7104,0.0,0.0,0.17876756756756756,0.0,0.04,0.702,0.1,0.140731914893617,0.0,0.15451428571428572,0.14,0.06,0.36,0.144,0.0,0.19,0.0
2022-12-18,0.6013090909090909,0.2496,0.5472,0.154752,0.14503783783783783,0.17,0.09,0.27456,0.48256,0.25,0.22518260869565215,0.17,0.16,0.0,0.672,0.09110399999999999,0.0,0.20575135135135134,0.06891940298507462,0.03,0.5226,0.1,0.08497021276595744,0.0,0.1753142857142857,0.12,0.05,0.26,0.11136,0.0,0.21,0.0
2022-12-25,0.48785454545454543,0.259584,0.72,0.23462399999999997,0.0,0.1,0.09,0.17971199999999998,0.46592,0.22,0.1844869565217391,0.17,0.13,0.10732799999999999,0.624,0.08985599999999999,0.0,0.18214054054054052,0.06705671641791044,0.02,0.5304,0.12,0.0982468085106383,0.0,0.09508571428571427,0.12,0.05,0.23,0.1056,0.0,0.13,0.0
2023-01-01,0.5786181818181818,0.27456,0.576,0.14975999999999998,0.0860108108108108,0.15,0.09,0.244608,0.32448,0.21,0.13022608695652174,0.17,0.15,0.0,0.5856,0.0,0.0,0.18888648648648648,0.0,0.03,0.45239999999999997,0.11,0.1248,0.0,0.13074285714285713,0.13,0.03,0.29,0.11136,0.0,0.11,0.0
2023-01-08,0.5559272727272726,0.28953599999999996,0.624,0.209664,0.0,0.19,0.09,0.209664,0.26624,0.24,0.0,0.16,0.15,0.0,0.5856,0.066144,0.0,0.20237837837837838,0.08754626865671641,0.04,0.46799999999999997,0.12,0.09559148936170213,0.0,0.23474285714285714,0.13,0.03,0.3,0.08064,0.0,0.11,0.0
2023-01-15,0.6013090909090909,0.279552,0.5663999999999999,0.202176,0.08263783783783783,0.18,0.1,0.21465599999999999,0.31616,0.22,0.08681739130434782,0.17,0.15,0.079872,0.5663999999999999,0.07487999999999999,0.0,0.1720216216216216,0.0,0.04,0.4758,0.12,0.13542127659574466,0.0,0.1753142857142857,0.14,0.03,0.27,0.0672,0.0,0.1,0.0
2023-01-22,0.6013090909090909,0.264576,0.6047999999999999,0.17721599999999998,0.06071351351351351,0.18,0.09,0.21465599999999999,0.2496,0.21,0.09224347826086955,0.18,0.16,0.05990399999999999,0.72,0.0,0.0,0.1990054054054054,0.07637014925373134,0.04,0.4602,0.12,0.11948936170212766,0.0,0.16045714285714285,0.13,0.03,0.29,0.06528,0.0,0.12,0.0
2023-01-29,0.5786181818181818,0.314496,0.6432,0.14227199999999998,0.07083243243243242,0.19,0.09,0.19968,0.22464,0.21,0.14379130434782608,0.17,0.15,0.0,0.5376,0.0,0.0,0.1248,0.08568358208955223,0.04,0.45239999999999997,0.11,0.13807659574468084,0.0,0.17234285714285713,0.14,0.03,0.27,0.10752,0.0,0.12,0.0
2023-02-05,0.5445818181818182,0.27456,0.624,0.167232,0.0,0.2,0.1,0.22464,0.26624,0.23,0.08681739130434782,0.18,0.13,0.0,0.5472,0.0,0.0,0.20575135135135134,0.07823283582089552,0.04,0.6083999999999999,0.12,0.15666382978723403,0.0,0.17828571428571427,0.14,0.03,0.28,0.09792,0.0,0.11,0.0
2023-02-12,0.5559272727272726,0.23462399999999997,0.4992,0.122304,0.0,0.19,0.08,0.28454399999999996,0.2496,0.2,0.08410434782608696,0.17,0.13,0.0,0.5856,0.0,0.0,0.26646486486486487,0.08195820895522388,0.04,0.507,0.13,0.13542127659574466,0.0,0.13965714285714284,0.13,0.03,0.27,0.096,0.0,0.1,0.0
2023-02-19,0.5105454545454545,0.32448,0.6432,0.17472,0.06408648648648647,0.17,0.07,0.209664,0.24128,0.2,0.08139130434782609,0.16,0.14,0.07487999999999999,0.528,0.0,0.0,0.1585297297297297,0.0,0.04,0.45239999999999997,0.13,0.1327659574468085,0.0,0.12182857142857142,0.14,0.03,0.27,0.13824,0.0,0.12,0.0
2023-02-26,0.5105454545454545,0.264576,0.5952,0.16224,0.0,0.19,0.09,0.259584,0.27456,0.2,0.08139130434782609,0.18,0.14,0.0,0.5087999999999999,0.0624,0.0,0.20575135135135134,0.07823283582089552,0.04,0.4446,0.12,0.1248,0.0,0.11588571428571429,0.14,0.03,0.28,0.17279999999999998,0.0,0.11,0.0
2023-03-05,0.5218909090909091,0.29951999999999995,0.624,0.16972800000000002,0.10118918918918919,0.18,0.08,0.16972800000000002,0.28287999999999996,0.19,0.0,0.19,0.14,0.0,0.4704,0.0,0.0,0.22261621621621622,0.08382089552238806,0.04,0.507,0.12,0.0982468085106383,0.0,0.15451428571428572,0.14,0.03,0.27,0.12288,0.0,0.1,0.0
2023-03-12,0.5105454545454545,0.309504,0.72,0.14476799999999998,0.08263783783783783,0.16,0.08,0.27456,0.29951999999999995,0.19,0.13836521739130433,0.17,0.14,0.0624,0.4992,0.0,0.0,0.17876756756756756,0.0707820895522388,0.04,0.4446,0.13,0.1141787234042553,0.0,0.10994285714285713,0.14,0.02,0.24,0.096,0.0,0.11,0.0
2023-03-19,0.5786181818181818,0.319488,0.6144000000000001,0.13728,0.06745945945945946,0.17,0.09,0.254592,0.30784,0.2,0.14921739130434783,0.18,0.12,0.0,0.5087999999999999,0.0,0.0,0.22936216216216215,0.0,0.04,0.5694,0.12,0.11683404255319149,0.0,0.14857142857142858,0.14,0.02,0.26,0.07487999999999999,0.0,0.11,0.0
2023-03-26,0.5786181818181818,0.21465599999999999,0.5856,0.164736,0.0,0.17,0.09,0.259584,0.2496,0.18,0.11123478260869564,0.19,0.13,0.06864,0.5568,0.0,0.0,0.21924324324324324,0.06705671641791044,0.04,0.5694,0.14,0.12214468085106382,0.0,0.09508571428571427,0.13,0.03,0.26,0.13631999999999997,0.0,0.11,0.0
2023-04-02,0.4765090909090909,0.22464,0.5663999999999999,0.0,0.0,0.17,0.07,0.264576,0.2496,0.18,0.07867826086956521,0.18,0.12,0.0,0.44159999999999994,0.0,0.0,0.22936216216216215,0.07264477611940298,0.04,0.40559999999999996,0.13,0.09559148936170213,0.0,0.13965714285714284,0.14,0.03,0.24,0.12288,0.0,0.12,0.0
2023-04-09,0.4992,0.22464,0.5568,0.09984,0.0,0.17,0.08,0.27456,0.23296,0.17,0.0,0.19,0.11,0.0,0.48,0.0,0.0,0.21249729729729727,0.08382089552238806,0.03,0.3666,0.15,0.06903829787234042,0.0,0.13074285714285713,0.13,0.03,0.24,0.08064,0.0,0.11,0.0
2023-04-16,0.5218909090909091,0.319488,0.6335999999999999,0.077376,0.0,0.18,0.08,0.29951999999999995,0.21631999999999998,0.17,0.0705391304347826,0.19,0.12,0.061152,0.4896,0.0624,0.0,0.2361081081081081,0.1154865671641791,0.04,0.4446,0.12,0.13011063829787234,0.0,0.12182857142857142,0.13,0.02,0.27,0.0,0.0,0.11,0.0
2023-04-23,0.4538181818181818,0.26956800000000003,0.528,0.094848,0.0,0.17,0.08,0.259584,0.19136,0.17,0.1248,0.17,0.12,0.066144,0.5184,0.0,0.0,0.2563459459459459,0.1154865671641791,0.04,0.429,0.14,0.09293617021276594,0.0,0.13074285714285713,0.15,0.02,0.27,0.09792,0.0,0.11,0.0
2023-04-30,0.4992,0.254592,0.6047999999999999,0.139776,0.0,0.18,0.08,0.264576,0.19968,0.2,0.07325217391304348,0.16,0.13,0.0,0.528,0.0,0.0,0.21924324324324324,0.0,0.04,0.4914,0.14,0.11683404255319149,0.0,0.10994285714285713,0.14,0.03,0.26,0.08832,0.0,0.12,0.0
2023-05-07,0.5559272727272726,0.279552,0.5856,0.077376,0.0,0.2,0.07,0.194688,0.24128,0.19,0.07325217391304348,0.17,0.12,0.0,0.5184,0.0,0.0,0.2597189189189189,0.0,0.04,0.4758,0.14,0.140731914893617,0.0,0.08914285714285713,0.15,0.02,0.25,0.0,0.0,0.13,0.0
2023-05-14,0.5332363636363636,0.23961599999999997,0.48,0.14476799999999998,0.06914594594594595,0.19,0.07,0.244608,0.29951999999999995,0.18,0.12208695652173912,0.16,0.11,0.0,0.39359999999999995,0.0,0.0,0.20912432432432432,0.1061731343283582,0.04,0.46799999999999997,0.14,0.09293617021276594,0.0,0.11588571428571429,0.14,0.02,0.25,0.07872,0.0,0.12,0.0
2023-05-21,0.5786181818181818,0.209664,0.5856,0.114816,0.0,0.17,0.08,0.2496,0.17472,0.16,0.0976695652173913,0.16,0.12,0.083616,0.432,0.0,0.0,0.23273513513513513,0.0800955223880597,0.04,0.429,0.16,0.08762553191489361,0.0,0.07428571428571429,0.14,0.03,0.26,0.0,0.0,0.14,0.0
2023-05-28,0.44247272727272724,0.20467199999999997,0.44159999999999994,0.10732799999999999,0.0,0.14,0.08,0.304512,0.24128,0.17,0.1844869565217391,0.14,0.1,0.063648,0.4224,0.0,0.0,0.21249729729729727,0.0,0.05,0.4446,0.16,0.0982468085106383,0.0,0.10994285714285713,0.13,0.03,0.21,0.09408,0.0,0.13,0.0
2023-06-04,0.5445818181818182,0.194688,0.5472,0.20467199999999997,0.0,0.13,0.07,0.23462399999999997,0.21631999999999998,0.17,0.1058086956521739,0.15,0.11,0.0,0.384,0.0,0.0,0.1855135135135135,0.0,0.04,0.4914,0.16,0.13807659574468084,0.0,0.10697142857142856,0.14,0.02,0.22,0.08639999999999999,0.0,0.13,0.0
2023-06-11,0.5218909090909091,0.23961599999999997,0.6624,0.0,0.06408648648648647,0.14,0.08,0.209664,0.09984,0.17,0.14650434782608696,0.14,0.11,0.0,0.5663999999999999,0.0,0.0,0.16527567567567567,0.0,0.05,0.38999999999999996,0.15,0.10355744680851063,0.0,0.08022857142857143,0.14,0.03,0.21,0.10752,0.0,0.12,0.0
2023-06-18,0.46516363636363633,0.2496,0.5663999999999999,0.164736,0.0,0.13,0.08,0.20467199999999997,0.19136,0.16,0.1248,0.13,0.12,0.0,0.36479999999999996,0.0,0.0,0.23273513513513513,0.08382089552238806,0.04,0.4134,0.17,0.09028085106382978,0.0,0.06537142857142857,0.14,0.03,0.22,0.1056,0.0,0.12,0.0
2023-06-25,0.4992,0.264576,0.6144000000000001,0.08985599999999999,0.0,0.1,0.08,0.23462399999999997,0.19968,0.16,0.09224347826086955,0.14,0.11,0.0,0.4032,0.0,0.0,0.20237837837837838,0.0,0.05,0.4446,0.15,0.0982468085106383,0.0,0.09805714285714286,0.14,0.03,0.21,0.09984,0.0,0.11,0.0
2023-07-02,0.5105454545454545,0.27456,0.6624,0.08985599999999999,0.07251891891891891,0.1,0.08,0.19968,0.15808,0.17,0.20619130434782607,0.14,0.1,0.0,0.432,0.0,0.0,0.20237837837837838,0.0,0.05,0.5304,0.16,0.06638297872340425,0.0,0.11588571428571429,0.14,0.03,0.22,0.0,0.0,0.11,0.0
2023-07-09,0.5332363636363636,0.259584,0.576,0.16224,0.0,0.12,0.09,0.19968,0.14143999999999998,0.21,0.1410782608695652,0.15,0.14,0.0,0.36479999999999996,0.0,0.0,0.21249729729729727,0.0,0.04,0.46799999999999997,0.15,0.0,0.0,0.07428571428571429,0.13,0.04,0.22,0.08256,0.0,0.11,0.0
2023-07-16,0.4197818181818182,0.23462399999999997,0.5376,0.0,0.0,0.11,0.08,0.19968,0.18303999999999998,0.19,0.10852173913043478,0.15,0.11,0.0,0.44159999999999994,0.0,0.0,0.21924324324324324,0.10803582089552238,0.05,0.4602,0.15,0.0,0.0,0.11885714285714284,0.14,0.03,0.23,0.07872,0.09110399999999999,0.11,0.0
2023-07-23,0.46516363636363633,0.27456,0.4992,0.0,0.0,0.11,0.08,0.22464,0.208,0.22,0.10309565217391303,0.14,0.12,0.0,0.336,0.0,0.0,0.20575135135135134,0.08754626865671641,0.04,0.4914,0.14,0.07700425531914894,0.0,0.16937142857142856,0.14,0.02,0.23,0.09024,0.06864,0.11,0.0
2023-07-30,0.4197818181818182,0.26956800000000003,0.576,0.08736,0.0,0.12,0.08,0.2496,0.1664,0.23,0.10309565217391303,0.14,0.13,0.097344,0.4896,0.0,0.0,0.20575135135135134,0.06891940298507462,0.04,0.4836,0.14,0.10355744680851063,0.0,0.24365714285714285,0.16,0.02,0.2,0.10175999999999999,0.0,0.1,0.0
2023-08-06,0.5218909090909091,0.2496,0.5472,0.09235199999999999,0.0,0.13,0.08,0.32448,0.21631999999999998,0.25,0.13836521739130433,0.14,0.15,0.0,0.528,0.0,0.0,0.1720216216216216,0.08382089552238806,0.04,0.429,0.16,0.09559148936170213,0.0,0.13965714285714284,0.16,0.03,0.23,0.16896,0.0,0.12,0.0
2023-08-13,0.44247272727272724,0.27456,0.4704,0.14227199999999998,0.07083243243243242,0.15,0.08,0.2496,0.14143999999999998,0.23,0.14921739130434783,0.14,0.14,0.0,0.6527999999999999,0.0,0.0,0.19563243243243242,0.0,0.04,0.429,0.13,0.14604255319148937,0.0,0.15748571428571428,0.17,0.03,0.26,0.08639999999999999,0.0,0.11,0.0
2023-08-20,0.4538181818181818,0.314496,0.5087999999999999,0.159744,0.0,0.19,0.07,0.244608,0.19968,0.22,0.0,0.16,0.13,0.0,0.6047999999999999,0.082368,0.0,0.18214054054054052,0.07450746268656716,0.05,0.5226,0.14,0.18056170212765957,0.07487999999999999,0.13965714285714284,0.16,0.02,0.27,0.10368,0.0,0.1,0.0
2023-08-27,0.4197818181818182,0.264576,0.576,0.167232,0.09107027027027026,0.17,0.07,0.23462399999999997,0.1248,0.21,0.1410782608695652,0.15,0.13,0.0,0.576,0.0,0.0,0.1990054054054054,0.0,0.03,0.40559999999999996,0.14,0.11152340425531913,0.0,0.1664,0.15,0.02,0.29,0.0672,0.0,0.1,0.0
2023-09-03,0.5218909090909091,0.28953599999999996,0.5568,0.16224,0.0,0.18,0.07,0.264576,0.27456,0.2,0.0,0.15,0.12,0.0,0.6527999999999999,0.0,0.0,0.24285405405405405,0.09499701492537313,0.04,0.4758,0.15,0.13542127659574466,0.0,0.18719999999999998,0.15,0.02,0.27,0.12288,0.0,0.11,0.0
2023-09-10,0.5332363636363636,0.264576,0.576,0.129792,0.0,0.19,0.08,0.229632,0.1664,0.19,0.15464347826086955,0.15,0.11,0.0,0.6911999999999999,0.0,0.076128,0.19225945945945946,0.06891940298507462,0.04,0.4446,0.14,0.09293617021276594,0.0,0.12777142857142856,0.14,0.02,0.27,0.0,0.0,0.1,0.0
2023-09-17,0.5899636363636364,0.244608,0.6335999999999999,0.20467199999999997,0.08263783783783783,0.2,0.08,0.2496,0.21631999999999998,0.17,0.2034782608695652,0.16,0.11,0.0,0.4992,0.0,0.0,0.16527567567567567,0.0,0.04,0.4992,0.15,0.12214468085106382,0.0,0.104,0.13,0.03,0.26,0.07487999999999999,0.0,0.11,0.0
2023-09-24,0.5332363636363636,0.22464,0.6432,0.20467199999999997,0.0,0.2,0.07,0.2496,0.2496,0.18,0.0705391304347826,0.16,0.11,0.0,0.5184,0.0,0.0,0.18888648648648648,0.07264477611940298,0.04,0.4446,0.12,0.13011063829787234,0.0,0.13965714285714284,0.15,0.03,0.27,0.06336,0.0,0.12,0.0
2023-10-01,0.48785454545454543,0.229632,0.5952,0.16224,0.0,0.19,0.07,0.21465599999999999,0.17472,0.17,0.1058086956521739,0.15,0.1,0.0,0.4608,0.0,0.0,0.16527567567567567,0.06519402985074627,0.04,0.5616,0.13,0.1062127659574468,0.0,0.14857142857142858,0.13,0.03,0.27,0.0,0.0,0.11,0.0
2023-10-08,0.5559272727272726,0.23961599999999997,0.5952,0.11980799999999998,0.0,0.19,0.06,0.194688,0.21631999999999998,0.18,0.16820869565217392,0.15,0.11,0.0,0.432,0.0,0.06739200000000001,0.14166486486486485,0.0,0.04,0.6317999999999999,0.13,0.17259574468085107,0.0,0.104,0.14,0.03,0.25,0.15552,0.0,0.13,0.0
2023-10-15,0.5899636363636364,0.264576,0.624,0.16224,0.0,0.21,0.07,0.27456,0.208,0.18,0.0,0.15,0.12,0.0,0.4704,0.0,0.0,0.21587027027027028,0.06519402985074627,0.03,0.6552,0.14,0.08497021276595744,0.0,0.15154285714285712,0.15,0.02,0.26,0.10175999999999999,0.0,0.11,0.0
2023-10-22,0.5332363636363636,0.254592,0.6144000000000001,0.16224,0.0,0.21,0.07,0.244608,0.27456,0.16,0.13836521739130433,0.17,0.12,0.0,0.44159999999999994,0.0,0.0,0.1990054054054054,0.0,0.04,0.6317999999999999,0.13,0.12745531914893615,0.0,0.1456,0.17,0.03,0.26,0.07487999999999999,0.0,0.11,0.0
2023-10-29,0.4311272727272727,0.23961599999999997,0.5663999999999999,0.11232,0.06914594594594595,0.2,0.08,0.26956800000000003,0.18303999999999998,0.18,0.0624,0.17,0.11,0.0,0.5472,0.0,0.0,0.11805405405405404,0.0,0.03,0.5771999999999999,0.13,0.16462978723404254,0.0,0.1248,0.15,0.02,0.26,0.08639999999999999,0.0,0.11,0.0
2023-11-05,0.5105454545454545,0.21465599999999999,0.5472,0.22464,0.07251891891891891,0.21,0.08,0.2496,0.22464,0.2,0.17363478260869564,0.17,0.12,0.0,0.5952,0.0,0.0,0.17539459459459458,0.09499701492537313,0.04,0.5694,0.15,0.11683404255319149,0.0,0.17828571428571427,0.14,0.03,0.28,0.07487999999999999,0.0,0.12,0.0
2023-11-12,0.5559272727272726,0.19968,0.576,0.122304,0.0,0.21,0.09,0.209664,0.27456,0.2,0.09495652173913044,0.16,0.13,0.0,0.576,0.0,0.0,0.09781621621621621,0.0,0.03,0.5694,0.13,0.14604255319148937,0.0,0.1753142857142857,0.13,0.04,0.29,0.0,0.0,0.13,0.0
2023-11-19,0.5105454545454545,0.32448,0.5856,0.164736,0.07251891891891891,0.16,0.09,0.22464,0.26624,0.22,0.2713043478260869,0.16,0.14,0.0,0.6144000000000001,0.0,0.0,0.1855135135135135,0.09127164179104477,0.03,0.6317999999999999,0.11,0.07700425531914894,0.0,0.09508571428571427,0.13,0.08,0.29,0.08064,0.0,0.16,0.0
2023-11-26,0.6353454545454545,0.35443199999999997,0.6527999999999999,0.229632,0.07251891891891891,0.21,0.09,0.26956800000000003,0.32448,0.23,0.1709217391304348,0.18,0.14,0.0,0.7295999999999999,0.0,0.0,0.15515675675675675,0.0,0.03,0.7799999999999999,0.13,0.09559148936170213,0.0,0.13965714285714284,0.14,0.05,0.32,0.14207999999999998,0.0,0.16,0.0
2023-12-03,0.6353454545454545,0.319488,0.5376,0.21465599999999999,0.12817297297297295,0.25,0.09,0.404352,0.36607999999999996,0.25,0.13022608695652174,0.18,0.17,0.077376,0.7584,0.0,0.0,0.16864864864864865,0.0,0.04,0.7644,0.12,0.14338723404255319,0.0,0.1248,0.14,0.05,0.33,0.11904,0.0,0.16,0.0
2023-12-10,0.5672727272727273,0.309504,0.6527999999999999,0.14975999999999998,0.13154594594594593,0.23,0.09,0.32448,0.3328,0.25,0.19262608695652172,0.19,0.18,0.0,0.8448,0.0,0.05990399999999999,0.21924324324324324,0.0,0.03,0.7176,0.11,0.06638297872340425,0.0,0.18125714285714284,0.14,0.05,0.34,0.12672,0.0,0.18,0.0
2023-12-17,0.6353454545454545,0.28454399999999996,0.6335999999999999,0.17721599999999998,0.16527567567567567,0.19,0.09,0.259584,0.35775999999999997,0.23,0.26587826086956523,0.18,0.16,0.10732799999999999,0.7776,0.0,0.0,0.1585297297297297,0.0,0.03,0.6708,0.12,0.14338723404255319,0.0,0.1366857142857143,0.12,0.04,0.3,0.18816,0.0,0.17,0.0
2023-12-24,0.6466909090909091,0.23961599999999997,0.6144000000000001,0.20467199999999997,0.0,0.12,0.08,0.209664,0.43263999999999997,0.22,0.10852173913043478,0.18,0.13,0.0,0.5663999999999999,0.0,0.0,0.19563243243243242,0.0,0.04,0.5459999999999999,0.13,0.07700425531914894,0.0,0.12182857142857142,0.13,0.04,0.24,0.18239999999999998,0.0,0.12,0.0
2023-12-31,0.5786181818181818,0.33945600000000004,0.6432,0.09235199999999999,0.09612972972972973,0.15,0.08,0.254592,0.24128,0.18,0.11394782608695651,0.18,0.14,0.0,0.44159999999999994,0.0,0.0,0.1484108108108108,0.0,0.04,0.4602,0.14,0.16994042553191488,0.0,0.1248,0.14,0.04,0.29,0.10752,0.0,0.12,0.0
2024-01-07,0.5105454545454545,0.28454399999999996,0.672,0.18719999999999998,0.0,0.2,0.08,0.28953599999999996,0.27456,0.2,0.13022608695652174,0.18,0.14,0.0,0.5856,0.0,0.0,0.21249729729729727,0.0,0.03,0.4992,0.13,0.14869787234042553,0.0,0.15748571428571428,0.15,0.03,0.3,0.10944,0.0,0.11,0.0
2024-01-14,0.5332363636363636,0.254592,0.624,0.18220799999999998,0.0,0.18,0.07,0.29452799999999996,0.23296,0.17,0.09495652173913044,0.18,0.13,0.0,0.6047999999999999,0.0,0.0,0.1248,0.0,0.03,0.5382,0.11,0.1248,0.0,0.15451428571428572,0.13,0.02,0.29,0.1152,0.0,0.1,0.0
2024-01-21,0.5559272727272726,0.34944,0.6527999999999999,0.16224,0.0,0.2,0.09,0.27456,0.26624,0.2,0.09224347826086955,0.17,0.16,0.0,0.6432,0.0,0.0,0.27995675675675674,0.07637014925373134,0.04,0.4992,0.11,0.1248,0.0,0.1753142857142857,0.14,0.03,0.29,0.08256,0.0,0.11,0.0
2024-01-28,0.5332363636363636,0.304512,0.6527999999999999,0.18470399999999998,0.0,0.21,0.08,0.264576,0.21631999999999998,0.18,0.13022608695652174,0.18,0.14,0.0,0.6527999999999999,0.0,0.0,0.1585297297297297,0.0,0.04,0.507,0.13,0.1141787234042553,0.0,0.15748571428571428,0.14,0.02,0.29,0.09216,0.0,0.1,0.0
2024-02-04,0.4992,0.28454399999999996,0.7487999999999999,0.129792,0.0,0.22,0.08,0.23462399999999997,0.24128,0.17,0.0705391304347826,0.18,0.14,0.0,0.6047999999999999,0.0,0.0,0.1855135135135135,0.0,0.04,0.4992,0.11,0.17525106382978722,0.0,0.1664,0.14,0.03,0.28,0.09792,0.0,0.11,0.0
2024-02-11,0.6013090909090909,0.35443199999999997,0.5952,0.154752,0.0,0.2,0.08,0.22464,0.2912,0.19,0.10038260869565217,0.17,0.12,0.06864,0.4224,0.0,0.0,0.22261621621621622,0.0800955223880597,0.04,0.5304,0.13,0.12745531914893615,0.0,0.15748571428571428,0.13,0.03,0.27,0.0,0.0,0.1,0.0
2024-02-18,0.5332363636363636,0.259584,0.6816,0.14975999999999998,0.0,0.19,0.08,0.229632,0.19136,0.18,0.11123478260869564,0.19,0.13,0.0,0.5087999999999999,0.0,0.0,0.1990054054054054,0.0,0.04,0.4758,0.13,0.13011063829787234,0.0,0.18125714285714284,0.13,0.03,0.28,0.10752,0.0,0.1,0.0
2024-02-25,0.48785454545454543,0.244608,0.6335999999999999,0.16972800000000002,0.0,0.2,0.08,0.29452799999999996,0.27456,0.19,0.11666086956521739,0.19,0.11,0.0,0.4896,0.0,0.0,0.1619027027027027,0.0707820895522388,0.04,0.429,0.13,0.17525106382978722,0.0,0.24068571428571428,0.14,0.02,0.27,0.0,0.0,0.11,0.0
2024-03-03,0.5445818181818182,0.229632,0.7007999999999999,0.0,0.0,0.2,0.08,0.28454399999999996,0.19968,0.18,0.13836521739130433,0.19,0.12,0.0,0.528,0.0,0.0,0.21587027027027028,0.0,0.03,0.5226,0.13,0.1327659574468085,0.0,0.18125714285714284,0.13,0.02,0.28,0.13248,0.0,0.11,0.0
2024-03-10,0.5899636363636364,0.229632,0.5087999999999999,0.11232,0.0,0.18,0.07,0.279552,0.18303999999999998,0.18,0.13022608695652174,0.19,0.12,0.07363199999999999,0.48,0.0,0.0,0.24622702702702703,0.08940895522388059,0.04,0.4836,0.14,0.13807659574468084,0.0,0.16937142857142856,0.13,0.02,0.27,0.16128,0.0,0.12,0.0
2024-03-17,0.624,0.27456,0.624,0.08985599999999999,0.0,0.18,0.08,0.314496,0.19136,0.19,0.13565217391304346,0.19,0.11,0.0,0.5663999999999999,0.0,0.0,0.27995675675675674,0.0,0.04,0.43679999999999997,0.14,0.13542127659574466,0.0,0.1664,0.13,0.03,0.25,0.0,0.0,0.11,0.0
2024-03-24,0.5899636363636364,0.244608,0.4992,0.082368,0.07251891891891891,0.17,0.07,0.29452799999999996,0.23296,0.17,0.1058086956521739,0.19,0.12,0.0,0.4896,0.0,0.0,0.23948108108108107,0.0,0.04,0.429,0.12,0.10355744680851063,0.0,0.13074285714285713,0.14,0.02,0.24,0.1056,0.0,0.12,0.0
2024-03-31,0.4992,0.2496,0.624,0.10233599999999998,0.0,0.17,0.07,0.309504,0.18303999999999998,0.18,0.1058086956521739,0.18,0.11,0.0,0.4032,0.0,0.076128,0.14503783783783783,0.0,0.04,0.3822,0.13,0.1062127659574468,0.0,0.21097142857142856,0.13,0.02,0.23,0.11136,0.0,0.11,0.0
2024-04-07,0.5332363636363636,0.22464,0.6624,0.164736,0.0,0.19,0.08,0.27456,0.19136,0.16,0.1058086956521739,0.19,0.1,0.0,0.48,0.0,0.0,0.2361081081081081,0.0800955223880597,0.03,0.4602,0.13,0.13807659574468084,0.0,0.104,0.13,0.02,0.25,0.09024,0.0,0.11,0.0
2024-04-14,0.4765090909090909,0.28953599999999996,0.6527999999999999,0.114816,0.0,0.19,0.08,0.309504,0.17472,0.17,0.10309565217391303,0.17,0.13,0.0,0.5184,0.0,0.0,0.1855135135135135,0.0,0.05,0.4602,0.14,0.0982468085106383,0.0,0.15154285714285712,0.13,0.03,0.28,0.10368,0.0,0.12,0.0
2024-04-21,0.5332363636363636,0.254592,0.576,0.139776,0.0,0.19,0.08,0.29951999999999995,0.22464,0.17,0.13836521739130433,0.2,0.12,0.0,0.5087999999999999,0.0,0.0,0.24622702702702703,0.0,0.04,0.5382,0.14,0.10886808510638298,0.0,0.12182857142857142,0.14,0.03,0.28,0.12288,0.0,0.12,0.0
2024-04-28,0.4197818181818182,0.2496,0.624,0.10233599999999998,0.0,0.2,0.09,0.304512,0.19968,0.18,0.09495652173913044,0.17,0.19,0.0,0.5376,0.0,0.0,0.2867027027027027,0.08382089552238806,0.04,0.5771999999999999,0.15,0.07700425531914894,0.0,0.10102857142857143,0.15,0.03,0.28,0.0,0.0,0.11,0.0
2024-05-05,0.6013090909090909,0.26956800000000003,0.5952,0.07487999999999999,0.0,0.22,0.09,0.114816,0.23296,0.19,0.13565217391304346,0.17,0.13,0.0,0.5087999999999999,0.0,0.0,0.14503783783783783,0.0,0.05,0.5616,0.14,0.10355744680851063,0.0,0.14857142857142858,0.15,0.02,0.27,0.09984,0.0,0.12,0.0
2024-05-12,0.5445818181818182,0.259584,0.5663999999999999,0.104832,0.13997837837837837,0.2,0.08,0.26956800000000003,0.28287999999999996,0.17,0.10309565217391303,0.22,0.12,0.0,0.34559999999999996,0.0,0.0,0.2833297297297297,0.0,0.04,0.5928,0.14,0.1248,0.0,0.08617142857142857,0.14,0.02,0.28,0.14784,0.0,0.12,0.0
2024-05-19,0.6013090909090909,0.209664,0.5952,0.122304,0.0,0.17,0.06,0.279552,0.14143999999999998,0.16,0.11937391304347826,0.18,0.12,0.0,0.4224,0.0,0.0,0.22261621621621622,0.0,0.04,0.4758,0.16,0.14338723404255319,0.0,0.16045714285714285,0.15,0.02,0.24,0.16128,0.0,0.13,0.0
2024-05-26,0.6013090909090909,0.229632,0.5663999999999999,0.122304,0.0,0.14,0.07,0.26956800000000003,0.17472,0.17,0.0,0.16,0.11,0.0,0.36479999999999996,0.0,0.0,0.2765837837837838,0.08195820895522388,0.04,0.5771999999999999,0.16,0.09559148936170213,0.0,0.1248,0.15,0.02,0.24,0.07872,0.0,0.13,0.0
2024-06-02,0.5672727272727273,0.2496,0.4992,0.16224,0.0995027027027027,0.14,0.07,0.29452799999999996,0.22464,0.18,0.11937391304347826,0.18,0.12,0.09110399999999999,0.48,0.0,0.0,0.1855135135135135,0.07637014925373134,0.04,0.42119999999999996,0.14,0.1141787234042553,0.0,0.0,0.14,0.02,0.24,0.09984,0.07113599999999999,0.14,0.0
2024-06-09,0.5899636363636364,0.23462399999999997,0.5663999999999999,0.11980799999999998,0.0,0.13,0.08,0.20467199999999997,0.14975999999999998,0.16,0.08953043478260869,0.16,0.12,0.0,0.336,0.0,0.0,0.1990054054054054,0.0,0.05,0.5538,0.14,0.10090212765957446,0.0,0.13074285714285713,0.15,0.03,0.24,0.11904,0.0,0.13,0.0
2024-06-16,0.5672727272727273,0.23462399999999997,0.6335999999999999,0.0,0.08095135135135136,0.11,0.07,0.17971199999999998,0.21631999999999998,0.15,0.12208695652173912,0.16,0.09,0.121056,0.39359999999999995,0.0,0.0,0.19225945945945946,0.0,0.04,0.46799999999999997,0.14,0.10090212765957446,0.0,0.11885714285714284,0.13,0.03,0.22,0.0,0.0,0.12,0.0
2024-06-23,0.5218909090909091,0.244608,0.5568,0.159744,0.0,0.12,0.07,0.23961599999999997,0.18303999999999998,0.16,0.10852173913043478,0.16,0.11,0.0,0.48,0.0,0.0,0.19563243243243242,0.11176119402985074,0.05,0.4134,0.14,0.1327659574468085,0.0,0.17234285714285713,0.14,0.02,0.22,0.11327999999999999,0.0,0.11,0.0
2024-06-30,0.48785454545454543,0.21964799999999998,0.576,0.14227199999999998,0.0,0.09,0.06,0.20467199999999997,0.208,0.18,0.24688695652173911,0.15,0.1,0.0,0.432,0.0,0.0,0.16527567567567567,0.0,0.05,0.42119999999999996,0.14,0.10886808510638298,0.0,0.12777142857142856,0.14,0.03,0.22,0.1152,0.0,0.12,0.0
2024-07-07,0.4992,0.209664,0.5184,0.114816,0.0,0.11,0.07,0.22464,0.25792000000000004,0.19,0.13022608695652174,0.15,0.12,0.0,0.36479999999999996,0.0,0.0,0.23273513513513513,0.0,0.05,0.5147999999999999,0.13,0.0,0.0,0.19314285714285714,0.14,0.02,0.23,0.07872,0.0,0.12,0.0
2024-07-14,0.5559272727272726,0.29452799999999996,0.5087999999999999,0.129792,0.08095135135135136,0.11,0.08,0.209664,0.17472,0.21,0.08139130434782609,0.13,0.13,0.0,0.3552,0.0,0.0,0.20575135135135134,0.0800955223880597,0.05,0.4446,0.14,0.11683404255319149,0.0,0.1753142857142857,0.14,0.03,0.21,0.096,0.0,0.12,0.0
2024-07-21,0.4311272727272727,0.259584,0.5568,0.11232,0.0,0.11,0.07,0.254592,0.23296,0.2,0.1058086956521739,0.15,0.13,0.0,0.41279999999999994,0.0,0.0,0.2361081081081081,0.0,0.04,0.46799999999999997,0.15,0.08497021276595744,0.0,0.15748571428571428,0.15,0.02,0.22,0.1152,0.0,0.13,0.0
2024-07-28,0.5786181818181818,0.21964799999999998,0.4896,0.0,0.0,0.13,0.08,0.27456,0.1664,0.24,0.14379130434782608,0.15,0.14,0.076128,0.4512,0.0,0.0,0.1720216216216216,0.0,0.04,0.4914,0.14,0.10355744680851063,0.0,0.15451428571428572,0.15,0.03,0.22,0.08832,0.0,0.12,0.0
2024-08-04,0.4538181818181818,0.29951999999999995,0.624,0.14975999999999998,0.0,0.13,0.07,0.159744,0.17472,0.23,0.08681739130434782,0.15,0.15,0.0,0.5472,0.0,0.0,0.22936216216216215,0.0,0.04,0.5459999999999999,0.14,0.07169361702127659,0.0,0.26148571428571427,0.16,0.03,0.23,0.11904,0.07487999999999999,0.13,0.0
2024-08-11,0.5445818181818182,0.17472,0.5952,0.14476799999999998,0.0,0.15,0.08,0.159744,0.18303999999999998,0.25,0.08681739130434782,0.15,0.15,0.0,0.528,0.0,0.0,0.22936216216216215,0.0,0.05,0.42119999999999996,0.15,0.14869787234042553,0.0,0.20502857142857142,0.18,0.02,0.25,0.11136,0.0,0.14,0.0
2024-08-18,0.5332363636363636,0.20467199999999997,0.5856,0.2496,0.0,0.18,0.08,0.21964799999999998,0.15808,0.24,0.08410434782608696,0.16,0.14,0.0,0.6624,0.0,0.0,0.26646486486486487,0.0,0.04,0.4914,0.14,0.19118297872340426,0.0,0.15154285714285712,0.17,0.02,0.28,0.1248,0.0,0.14,0.0
2024-08-25,0.46516363636363633,0.189696,0.5087999999999999,0.21715199999999998,0.06914594594594595,0.19,0.07,0.17472,0.19968,0.21,0.07325217391304348,0.16,0.12,0.0,0.5856,0.0,0.0,0.20912432432432432,0.0,0.04,0.5538,0.14,0.0982468085106383,0.083616,0.1337142857142857,0.16,0.03,0.3,0.07680000000000001,0.0,0.14,0.0
2024-09-01,0.46516363636363633,0.23462399999999997,0.6527999999999999,0.20467199999999997,0.0,0.19,0.08,0.259584,0.18303999999999998,0.21,0.11394782608695651,0.17,0.13,0.0,0.5952,0.0,0.0,0.1855135135135135,0.0,0.04,0.42119999999999996,0.15,0.15666382978723403,0.0,0.15154285714285712,0.16,0.03,0.28,0.07872,0.0,0.13,0.0
2024-09-08,0.46516363636363633,0.2496,0.624,0.192192,0.0,0.2,0.07,0.18470399999999998,0.19136,0.19,0.13293913043478262,0.17,0.12,0.0,0.5952,0.0,0.0,0.20575135135135134,0.09127164179104477,0.04,0.43679999999999997,0.14,0.140731914893617,0.0,0.14857142857142858,0.14,0.02,0.3,0.10752,0.0,0.12,0.0
2024-09-15,0.5786181818181818,0.21465599999999999,0.7487999999999999,0.167232,0.13323243243243243,0.21,0.08,0.319488,0.17472,0.19,0.13565217391304346,0.17,0.12,0.0,0.5568,0.0,0.0,0.20575135135135134,0.0,0.04,0.4758,0.13,0.11152340425531913,0.0,0.14857142857142858,0.15,0.03,0.28,0.144,0.0,0.12,0.0
2024-09-22,0.5445818181818182,0.254592,0.72,0.164736,0.0,0.22,0.07,0.28454399999999996,0.23296,0.17,0.08681739130434782,0.16,0.12,0.0,0.5568,0.0,0.077376,0.21924324324324324,0.0,0.04,0.5226,0.13,0.15135319148936172,0.069888,0.18422857142857144,0.15,0.02,0.27,0.096,0.0,0.14,0.0
2024-09-29,0.6013090909090909,0.22464,0.72,0.157248,0.0,0.21,0.07,0.264576,0.19968,0.18,0.08139130434782609,0.18,0.12,0.0,0.6432,0.0,0.0,0.21587027027027028,0.08195820895522388,0.04,0.5459999999999999,0.13,0.14869787234042553,0.0,0.18125714285714284,0.13,0.03,0.28,0.144,0.082368,0.15,0.0
2024-10-06,0.5105454545454545,0.19968,0.6335999999999999,0.14975999999999998,0.0,0.2,0.06,0.344448,0.208,0.16,0.0976695652173913,0.17,0.12,0.0,0.5663999999999999,0.0,0.0,0.252972972972973,0.0,0.04,0.5771999999999999,0.12,0.1141787234042553,0.0,0.1129142857142857,0.15,0.03,0.25,0.10752,0.0,0.14,0.0
