date,Auto seat cover,Roof box,Car sunshade,LED headlights,Transmission repair,Power steering,Bumper guard,Car polish,Dashboard cover,Brake repair,Car monitor,Car camera,Oil gauge,Car tire cover,Alloy wheels,Car repair tools,Wiper fluid,Portable air compressor,Car cleaner,Wheel covers,Anti-theft lock,Car jump kit,Bluetooth car kit,Car armrest,Car cover,Wheel cleaner,Car repair manual,Automotive fluids,Tire chains,Leather car seat cover,Roof-mounted light,Car safety kit,Tire shine,Vehicle cover,Battery charger,Car dust cleaner,Undercoating,Exhaust repair kit,Wheel balancing,Car repair stand,Floor jacks
2019-12-29,0.19795862068965517,0.1,0.01,0.8,0.24,2.2941176470588234,0.12,0.09,0.4784,0.19,0.07,0.37,0.17,0.11766857142857141,0.1,0.0,0.15,0.11,0.31,0.2,0.0,0.0,0.27896470588235295,0.18116129032258063,0.9354838709677419,0.07,0.17828571428571427,0.0,0.4342105263157895,0.10153220338983052,0.0,0.10728421052631579,0.06,0.04,2.0789473684210527,0.0,0.09,0.1248,0.48672,0.0,0.5771999999999999
2020-01-05,0.19795862068965517,0.08,0.01,0.71,0.27,2.3529411764705883,0.11,0.09,0.42639999999999995,0.2,0.05,0.35,0.17,0.13193142857142856,0.11,0.0,0.15,0.08,0.28,0.18,0.08064,0.0,0.34503529411764705,0.11272258064516129,0.8870967741935484,0.06,0.1366857142857143,0.0,0.39473684210526316,0.12056949152542372,0.0,0.0,0.07,0.04,1.736842105263158,0.0,0.08,0.13614545454545454,0.43056,0.0,0.4758
2020-01-12,0.24099310344827587,0.09,0.01,0.71,0.27,2.323529411764706,0.12,0.08,0.4472,0.2,0.07,0.34,0.18,0.07844571428571429,0.12,0.09937777777777777,0.17,0.09,0.28,0.18,0.0,0.0,0.2899764705882353,0.14492903225806453,0.9193548387096774,0.07,0.1456,0.0,0.4868421052631579,0.0,0.0,0.0,0.06,0.04,1.736842105263158,0.0,0.1,0.13898181818181815,0.43056,0.0,0.4446
2020-01-19,0.32275862068965516,0.09,0.01,0.7,0.24,2.264705882352941,0.1,0.09,0.40559999999999996,0.19,0.06,0.33,0.18,0.18898285714285712,0.11,0.07626666666666666,0.18,0.09,0.29,0.17,0.0,0.10869677419354838,0.2899764705882353,0.19323870967741935,0.9032258064516129,0.07,0.1753142857142857,0.0,0.27631578947368424,0.08461016949152542,0.0,0.0,0.06,0.04,1.736842105263158,0.0,0.07,0.17018181818181816,0.38688,0.0,0.4914
2020-01-26,0.1549241379310345,0.09,0.01,0.69,0.24,2.264705882352941,0.11,0.08,0.42639999999999995,0.18,0.06,0.33,0.17,0.11766857142857141,0.1,0.0,0.11,0.08,0.29,0.21,0.0,0.0,0.18352941176470589,0.1489548387096774,0.8225806451612904,0.07,0.13074285714285713,0.0,0.15789473684210525,0.11845423728813559,0.0,0.0,0.06,0.04,1.5263157894736843,0.0,0.07,0.18152727272727273,0.34944,0.0,0.43679999999999997
2020-02-02,0.21086896551724138,0.08,0.01,0.66,0.24,2.2941176470588234,0.11,0.09,0.5408,0.18,0.05,0.32,0.18,0.13193142857142856,0.13,0.0,0.16,0.08,0.31,0.2,0.0,0.0,0.19821176470588234,0.16103225806451613,0.8064516129032258,0.08,0.18719999999999998,0.0,0.19736842105263158,0.07614915254237288,0.0,0.0,0.06,0.03,1.4210526315789473,0.0,0.07,0.09076363636363637,0.37439999999999996,0.0,0.3822
2020-02-09,0.28402758620689655,0.09,0.01,0.68,0.24,2.323529411764706,0.12,0.09,0.46799999999999997,0.18,0.06,0.35,0.16,0.17472,0.11,0.0,0.16,0.08,0.29,0.19,0.0,0.0,0.21656470588235294,0.1529806451612903,0.8870967741935484,0.07,0.13965714285714284,0.0,0.18421052631578946,0.08884067796610169,0.0,0.0,0.07,0.04,1.5,0.0,0.07,0.1248,0.39311999999999997,0.0,0.3432
2020-02-16,0.19795862068965517,0.09,0.01,0.67,0.27,2.5,0.12,0.12,0.364,0.19,0.06,0.35,0.19,0.16045714285714285,0.13,0.07626666666666666,0.14,0.08,0.3,0.2,0.0,0.0,0.3009882352941176,0.16103225806451613,0.9032258064516129,0.09,0.15154285714285712,0.0,0.14473684210526316,0.1248,0.0,0.0,0.07,0.04,1.7105263157894737,0.0,0.07,0.18436363636363637,0.43679999999999997,0.0,0.4758
2020-02-23,0.22808275862068966,0.08,0.01,0.66,0.29,2.4411764705882355,0.11,0.12,0.572,0.21,0.07,0.38,0.18,0.1533257142857143,0.13,0.0,0.13,0.08,0.32,0.23,0.0,0.0,0.21656470588235294,0.20531612903225807,0.9032258064516129,0.07,0.13965714285714284,0.0,0.09210526315789473,0.11633898305084744,0.0,0.0,0.08,0.04,1.631578947368421,0.0,0.07,0.21556363636363635,0.39936,0.0,0.4446
2020-03-01,0.3055448275862069,0.08,0.01,0.66,0.28,2.4411764705882355,0.11,0.12,0.6032,0.21,0.06,0.32,0.18,0.1248,0.13,0.0,0.13,0.08,0.35,0.22,0.0,0.0,0.2973176470588235,0.17310967741935485,0.9032258064516129,0.09,0.14857142857142858,0.0,0.09210526315789473,0.12268474576271186,0.0,0.0,0.08,0.04,1.6842105263157894,0.0,0.08,0.20421818181818183,0.42432,0.0,0.46799999999999997
2020-03-08,0.22808275862068966,0.08,0.01,0.62,0.28,2.3823529411764706,0.09,0.09,0.5512,0.19,0.05,0.31,0.15,0.13193142857142856,0.12,0.06933333333333333,0.1,0.06,0.35,0.22,0.08256,0.0,0.22390588235294118,0.2496,0.8548387096774194,0.09,0.16342857142857142,0.0,0.09210526315789473,0.11422372881355931,0.0,0.0,0.09,0.04,1.605263157894737,0.0,0.08,0.10494545454545455,0.36816,0.0,0.38999999999999996
2020-03-15,0.18074482758620689,0.06,0.0,0.43,0.19,1.7352941176470589,0.09,0.08,0.37439999999999996,0.15,0.05,0.2,0.14,0.0,0.08,0.0,0.09,0.06,0.24,0.18,0.0,0.0,0.1908705882352941,0.09661935483870968,0.6451612903225806,0.07,0.08914285714285713,0.0,0.09210526315789473,0.0,0.0,0.0,0.06,0.03,1.5,0.0,0.05,0.0,0.27456,0.0,0.3588
2020-03-22,0.08606896551724139,0.06,0.01,0.46,0.19,1.7058823529411764,0.07,0.09,0.43679999999999997,0.15,0.05,0.18,0.15,0.0,0.09,0.0,0.07,0.07,0.26,0.17,0.0,0.0,0.1688470588235294,0.09661935483870968,0.6451612903225806,0.07,0.09508571428571427,0.0,0.039473684210526314,0.08672542372881356,0.0,0.0,0.07,0.03,1.6578947368421053,0.0,0.05,0.14465454545454545,0.26832,0.0,0.40559999999999996
2020-03-29,0.1635310344827586,0.06,0.01,0.43,0.17,1.6470588235294117,0.08,0.1,0.5304,0.13,0.05,0.19,0.14,0.10340571428571428,0.09,0.0,0.07,0.07,0.24,0.17,0.0,0.0,0.16517647058823529,0.10467096774193549,0.7096774193548387,0.08,0.0,0.0,0.02631578947368421,0.06768813559322033,0.0,0.0,0.08,0.03,1.868421052631579,0.0,0.06,0.12763636363636363,0.19344,0.0,0.4758
2020-04-05,0.2022620689655172,0.07,0.01,0.47,0.17,1.7647058823529411,0.08,0.13,0.4784,0.13,0.05,0.21,0.16,0.09984,0.09,0.0,0.08,0.08,0.27,0.19,0.0,0.0,0.14315294117647057,0.08856774193548388,0.7419354838709677,0.09,0.12182857142857142,0.0,0.05263157894736842,0.09095593220338982,0.0,0.0,0.08,0.03,2.1052631578947367,0.0,0.07,0.13898181818181815,0.34944,0.0,0.4602
2020-04-12,0.2496,0.07,0.01,0.49,0.2,1.7941176470588236,0.09,0.12,0.46799999999999997,0.16,0.06,0.25,0.16,0.0713142857142857,0.11,0.0,0.08,0.08,0.29,0.2,0.0,0.0,0.17251764705882353,0.1529806451612903,0.7741935483870968,0.09,0.1426285714285714,0.0,0.039473684210526314,0.06768813559322033,0.0,0.0,0.07,0.04,2.1052631578947367,0.0,0.07,0.11061818181818181,0.39311999999999997,0.0,0.40559999999999996
2020-04-19,0.19795862068965517,0.09,0.02,0.56,0.21,1.9705882352941178,0.11,0.13,0.5928,0.16,0.06,0.26,0.17,0.16045714285714285,0.11,0.0,0.09,0.1,0.36,0.23,0.0,0.0,0.23858823529411766,0.17713548387096775,0.8548387096774194,0.1,0.1426285714285714,0.0,0.039473684210526314,0.09307118644067797,0.0,0.0,0.09,0.03,2.3157894736842106,0.0,0.09,0.13614545454545454,0.36191999999999996,0.0,0.6474
2020-04-26,0.2237793103448276,0.09,0.02,0.58,0.25,2.0,0.11,0.14,0.8215999999999999,0.16,0.06,0.28,0.17,0.19254857142857143,0.12,0.09244444444444444,0.08,0.1,0.38,0.25,0.0,0.0,0.21656470588235294,0.21336774193548386,0.967741935483871,0.11,0.1366857142857143,0.0,0.039473684210526314,0.0951864406779661,0.0,0.0,0.11,0.04,2.3157894736842106,0.0,0.09,0.18719999999999998,0.39936,0.0,0.5304
2020-05-03,0.28402758620689655,0.09,0.03,0.6,0.26,2.176470588235294,0.11,0.16,0.6448,0.18,0.06,0.3,0.19,0.14619428571428572,0.13,0.07164444444444444,0.1,0.11,0.41,0.26,0.0,0.0,0.21289411764705882,0.19323870967741935,0.9838709677419355,0.12,0.10697142857142856,0.0,0.039473684210526314,0.10999322033898304,0.0,0.0,0.1,0.04,2.4210526315789473,0.0,0.08,0.17018181818181816,0.39936,0.0,0.5538
2020-05-10,0.24099310344827587,0.11,0.03,0.62,0.25,2.1470588235294117,0.12,0.15,0.7384000000000001,0.18,0.06,0.32,0.18,0.08201142857142857,0.13,0.0,0.1,0.11,0.4,0.28,0.0,0.07380645161290322,0.26428235294117647,0.21336774193548386,1.0,0.11,0.23771428571428568,0.0,0.02631578947368421,0.13960677966101692,0.0,0.0,0.1,0.04,2.236842105263158,0.0,0.1,0.15032727272727273,0.44928,0.0,0.5616
2020-05-17,0.24529655172413792,0.12,0.03,0.64,0.25,2.088235294117647,0.12,0.16,0.7799999999999999,0.18,0.07,0.34,0.17,0.13549714285714284,0.13,0.0,0.11,0.11,0.42,0.3,0.0,0.0,0.27529411764705886,0.2375225806451613,1.0483870967741935,0.12,0.1753142857142857,0.0,0.039473684210526314,0.12903050847457626,0.0,0.0,0.11,0.04,2.4210526315789473,0.0,0.11,0.16450909090909088,0.47423999999999994,0.0,0.6396
2020-05-24,0.3270620689655172,0.12,0.04,0.57,0.24,2.176470588235294,0.12,0.17,0.8839999999999999,0.2,0.07,0.34,0.19,0.08914285714285713,0.13,0.07857777777777777,0.1,0.11,0.44,0.29,0.0,0.0,0.24225882352941175,0.23349677419354836,1.064516129032258,0.12,0.1961142857142857,0.0,0.039473684210526314,0.10153220338983052,0.0,0.0,0.1,0.05,2.3421052631578947,0.0,0.11,0.20138181818181816,0.36191999999999996,0.0,0.5304
2020-05-31,0.309848275862069,0.13,0.03,0.55,0.27,2.1176470588235294,0.13,0.16,0.7903999999999999,0.21,0.06,0.36,0.18,0.12123428571428571,0.12,0.0,0.11,0.13,0.46,0.26,0.0,0.0,0.22023529411764703,0.2616774193548387,1.0,0.12,0.21988571428571427,0.0,0.02631578947368421,0.16922033898305083,0.0,0.0,0.11,0.05,2.3684210526315788,0.0,0.08,0.17301818181818182,0.52416,0.0,0.5928
2020-06-07,0.3184551724137931,0.13,0.05,0.6,0.29,2.235294117647059,0.13,0.16,0.8527999999999999,0.22,0.07,0.36,0.18,0.18898285714285712,0.13,0.0,0.12,0.13,0.45,0.3,0.12288,0.06709677419354838,0.3193411764705882,0.32206451612903225,1.1451612903225807,0.11,0.17234285714285713,0.0,0.02631578947368421,0.12903050847457626,0.0,0.0,0.11,0.04,2.3421052631578947,0.0,0.09,0.21556363636363635,0.50544,0.0,0.5616
2020-06-14,0.2323862068965517,0.15,0.04,0.58,0.28,2.1470588235294117,0.14,0.15,0.8527999999999999,0.2,0.07,0.39,0.19,0.1426285714285714,0.12,0.08088888888888889,0.12,0.13,0.49,0.32,0.0,0.0,0.32301176470588233,0.24557419354838708,1.1612903225806452,0.13,0.15154285714285712,0.0,0.039473684210526314,0.1544135593220339,0.0,0.07006315789473684,0.12,0.05,2.3421052631578947,0.0,0.1,0.12196363636363636,0.5616,0.0,0.4758
2020-06-21,0.23668965517241378,0.16,0.05,0.59,0.32,2.176470588235294,0.13,0.14,0.8008,0.22,0.07,0.36,0.18,0.20324571428571428,0.13,0.07395555555555555,0.12,0.12,0.44,0.29,0.10175999999999999,0.0,0.22757647058823527,0.2979096774193548,1.1290322580645162,0.12,0.1456,0.0,0.039473684210526314,0.1438372881355932,0.0,0.0,0.11,0.04,2.210526315789474,0.0,0.1,0.19287272727272725,0.50544,0.0,0.5147999999999999
2020-06-28,0.24099310344827587,0.16,0.04,0.58,0.3,2.176470588235294,0.13,0.16,0.832,0.22,0.06,0.38,0.19,0.1426285714285714,0.15,0.08782222222222222,0.13,0.12,0.46,0.29,0.07487999999999999,0.0,0.27529411764705886,0.24557419354838708,1.1290322580645162,0.11,0.16045714285714285,0.0,0.039473684210526314,0.1544135593220339,0.0,0.0,0.11,0.05,2.1842105263157894,0.0,0.09,0.21556363636363635,0.5116799999999999,0.0,0.5382
2020-07-05,0.36148965517241377,0.15,0.06,0.55,0.31,2.1470588235294117,0.15,0.13,0.7487999999999999,0.23,0.07,0.4,0.18,0.2210742857142857,0.13,0.08782222222222222,0.11,0.12,0.45,0.29,0.0,0.0,0.2459294117647059,0.26570322580645156,1.1290322580645162,0.11,0.15748571428571428,0.0,0.039473684210526314,0.13326101694915254,0.0,0.0,0.09,0.06,2.0526315789473686,0.0,0.1,0.10210909090909091,0.37439999999999996,0.0,0.4602
2020-07-12,0.28402758620689655,0.14,0.06,0.58,0.3,2.235294117647059,0.14,0.16,0.8111999999999999,0.22,0.07,0.38,0.18,0.14619428571428572,0.14,0.0,0.11,0.11,0.45,0.3,0.0,0.0,0.27529411764705886,0.30998709677419356,1.1935483870967742,0.11,0.24365714285714285,0.0,0.039473684210526314,0.16075932203389828,0.0,0.0,0.1,0.05,2.236842105263158,0.0882731707317073,0.1,0.1474909090909091,0.5740799999999999,0.0,0.585
2020-07-19,0.29693793103448274,0.15,0.05,0.59,0.29,2.176470588235294,0.13,0.14,0.8839999999999999,0.22,0.07,0.38,0.18,0.1711542857142857,0.14,0.1063111111111111,0.12,0.13,0.44,0.29,0.0,0.0832,0.36705882352941177,0.20531612903225807,1.0161290322580645,0.11,0.16342857142857142,0.0,0.039473684210526314,0.12056949152542372,0.0,0.0,0.1,0.05,2.026315789473684,0.0,0.11,0.16450909090909088,0.5678399999999999,0.0,0.507
2020-07-26,0.32275862068965516,0.14,0.05,0.6,0.31,2.264705882352941,0.13,0.15,0.9463999999999999,0.22,0.07,0.4,0.19,0.1961142857142857,0.16,0.0,0.13,0.12,0.43,0.28,0.0,0.0,0.28630588235294113,0.22947096774193546,1.1129032258064515,0.11,0.2258285714285714,0.0,0.039473684210526314,0.16922033898305083,0.0,0.0,0.09,0.05,2.236842105263158,0.0,0.11,0.21839999999999998,0.47423999999999994,0.0,0.6006
2020-08-02,0.34427586206896554,0.14,0.04,0.58,0.3,2.235294117647059,0.14,0.14,0.7903999999999999,0.21,0.08,0.34,0.17,0.16045714285714285,0.15,0.0,0.11,0.11,0.45,0.3,0.0,0.0,0.22390588235294118,0.2496,1.1290322580645162,0.11,0.18125714285714284,0.0,0.039473684210526314,0.19248813559322034,0.0,0.0,0.09,0.05,2.210526315789474,0.0,0.11,0.15032727272727273,0.48047999999999996,0.0,0.4602
2020-08-09,0.2625103448275862,0.13,0.05,0.58,0.29,2.176470588235294,0.13,0.14,0.8215999999999999,0.22,0.07,0.34,0.16,0.13906285714285715,0.12,0.0,0.12,0.11,0.42,0.26,0.08639999999999999,0.0,0.2899764705882353,0.21336774193548386,1.032258064516129,0.1,0.1366857142857143,0.0,0.039473684210526314,0.1797966101694915,0.0,0.0,0.1,0.04,2.026315789473684,0.0,0.1,0.20705454545454546,0.48672,0.0,0.5147999999999999
2020-08-16,0.27111724137931037,0.13,0.03,0.58,0.29,2.1470588235294117,0.13,0.14,0.8632,0.2,0.07,0.34,0.17,0.15689142857142857,0.14,0.0,0.12,0.1,0.43,0.26,0.11327999999999999,0.0,0.22023529411764703,0.2616774193548387,1.1129032258064515,0.1,0.20205714285714285,0.0,0.039473684210526314,0.12056949152542372,0.0,0.07225263157894737,0.08,0.04,2.0526315789473686,0.0,0.12,0.15883636363636364,0.4992,0.0,0.5304
2020-08-23,0.24529655172413792,0.12,0.03,0.56,0.28,2.0,0.12,0.12,0.7799999999999999,0.2,0.06,0.32,0.15,0.09627428571428572,0.12,0.09013333333333333,0.1,0.11,0.37,0.22,0.0,0.0,0.15783529411764705,0.20934193548387098,1.0483870967741935,0.09,0.18125714285714284,0.0,0.05263157894736842,0.16287457627118646,0.0,0.0,0.07,0.04,1.9736842105263157,0.0,0.12,0.12196363636363636,0.45552,0.0,0.46799999999999997
2020-08-30,0.18504827586206896,0.11,0.02,0.6,0.26,2.1176470588235294,0.12,0.14,0.6968,0.2,0.07,0.32,0.16,0.12836571428571428,0.13,0.06933333333333333,0.11,0.11,0.4,0.26,0.06912,0.0,0.22023529411764703,0.19726451612903223,1.0483870967741935,0.09,0.1664,0.0,0.06578947368421052,0.10364745762711865,0.0,0.08538947368421053,0.1,0.05,1.894736842105263,0.0,0.12,0.2098909090909091,0.38688,0.0,0.4914
2020-09-06,0.24529655172413792,0.11,0.02,0.63,0.26,2.176470588235294,0.12,0.12,0.676,0.18,0.06,0.34,0.15,0.18898285714285712,0.12,0.0,0.12,0.13,0.4,0.22,0.0,0.0,0.22757647058823527,0.26570322580645156,1.064516129032258,0.09,0.16342857142857142,0.0,0.09210526315789473,0.15864406779661017,0.0,0.0,0.1,0.03,1.9210526315789473,0.0,0.12,0.15316363636363636,0.44928,0.0,0.4446
2020-09-13,0.25820689655172413,0.09,0.02,0.59,0.25,2.1470588235294117,0.11,0.12,0.6136,0.2,0.08,0.33,0.17,0.12836571428571428,0.11,0.0,0.12,0.1,0.38,0.24,0.096,0.0,0.1688470588235294,0.19726451612903223,0.9032258064516129,0.08,0.15748571428571428,0.0,0.07894736842105263,0.0,0.0,0.0,0.08,0.05,1.8157894736842106,0.0,0.14,0.15316363636363636,0.53664,0.0,0.4758
2020-09-20,0.25390344827586203,0.11,0.02,0.6,0.27,2.176470588235294,0.12,0.11,0.624,0.2,0.08,0.38,0.17,0.15689142857142857,0.11,0.0,0.12,0.1,0.38,0.21,0.0,0.0,0.1284705882352941,0.2496,0.9516129032258065,0.09,0.1366857142857143,0.06739200000000001,0.07894736842105263,0.09730169491525424,0.0,0.0,0.08,0.04,1.8421052631578947,0.0,0.14,0.13898181818181815,0.51792,0.0,0.4914
2020-09-27,0.1549241379310345,0.1,0.01,0.63,0.26,2.0588235294117645,0.13,0.12,0.6344,0.2,0.06,0.34,0.17,0.13549714285714284,0.12,0.06933333333333333,0.11,0.09,0.38,0.22,0.0,0.0,0.17251764705882353,0.1248,0.9516129032258065,0.09,0.10994285714285713,0.0,0.09210526315789473,0.09307118644067797,0.0,0.0,0.08,0.04,1.8421052631578947,0.0,0.13,0.07658181818181818,0.43056,0.0,0.5226
2020-10-04,0.2323862068965517,0.11,0.01,0.66,0.27,2.1470588235294117,0.13,0.12,0.6968,0.2,0.06,0.33,0.18,0.15689142857142857,0.12,0.0,0.13,0.1,0.34,0.25,0.0,0.0,0.26795294117647056,0.165058064516129,0.9838709677419355,0.09,0.15154285714285712,0.0,0.10526315789473684,0.12056949152542372,0.0,0.0,0.1,0.04,1.8421052631578947,0.0,0.15,0.21839999999999998,0.4992,0.0,0.4992
2020-10-11,0.18074482758620689,0.1,0.01,0.72,0.26,2.2941176470588234,0.11,0.13,0.6968,0.21,0.08,0.36,0.17,0.18185142857142855,0.13,0.0,0.13,0.11,0.37,0.24,0.0,0.0,0.23858823529411766,0.19323870967741935,0.9838709677419355,0.08,0.11588571428571429,0.0,0.11842105263157894,0.1438372881355932,0.0,0.0,0.09,0.04,2.0,0.0,0.18,0.17018181818181816,0.44303999999999993,0.0,0.585
2020-10-18,0.28402758620689655,0.1,0.01,0.7,0.26,2.323529411764706,0.12,0.12,0.6656,0.22,0.06,0.35,0.17,0.16045714285714285,0.11,0.0,0.15,0.12,0.36,0.23,0.0,0.0,0.2092235294117647,0.18518709677419354,1.096774193548387,0.08,0.1337142857142857,0.0,0.21052631578947367,0.1374915254237288,0.0,0.0,0.09,0.05,2.026315789473684,0.0,0.17,0.20138181818181816,0.53664,0.0,0.5304
2020-10-25,0.25390344827586203,0.1,0.01,0.72,0.25,2.3529411764705883,0.12,0.1,0.5304,0.19,0.06,0.37,0.17,0.16402285714285714,0.11,0.0,0.14,0.11,0.31,0.22,0.0,0.0,0.15416470588235295,0.165058064516129,1.064516129032258,0.07,0.12182857142857142,0.0,0.23684210526315788,0.1248,0.0,0.0,0.07,0.05,2.026315789473684,0.0,0.16,0.17585454545454546,0.42432,0.0,0.5538
2020-11-01,0.1549241379310345,0.08,0.01,0.57,0.21,1.8823529411764706,0.1,0.09,0.46799999999999997,0.16,0.05,0.28,0.15,0.12123428571428571,0.1,0.0,0.1,0.1,0.27,0.19,0.0,0.0,0.16150588235294117,0.1690838709677419,0.8870967741935484,0.06,0.07725714285714286,0.0,0.21052631578947367,0.0,0.0,0.0,0.06,0.04,1.6578947368421053,0.0,0.12,0.1333090909090909,0.29951999999999995,0.0,0.4758
2020-11-08,0.15922758620689656,0.1,0.01,0.75,0.25,2.1176470588235294,0.13,0.1,0.6656,0.19,0.07,0.34,0.16,0.13193142857142856,0.11,0.0,0.13,0.12,0.33,0.21,0.0,0.0,0.21289411764705882,0.20531612903225807,1.0,0.07,0.1456,0.0,0.4473684210526316,0.16075932203389828,0.0,0.07882105263157894,0.07,0.04,1.868421052631579,0.0,0.16,0.1333090909090909,0.45552,0.0,0.5616
2020-11-15,0.1635310344827586,0.11,0.01,0.75,0.24,2.235294117647059,0.13,0.1,0.5512,0.16,0.07,0.37,0.17,0.16045714285714285,0.11,0.0,0.13,0.13,0.33,0.22,0.09216,0.08588387096774194,0.21289411764705882,0.1368774193548387,1.0806451612903225,0.07,0.1337142857142857,0.0,0.2894736842105263,0.0,0.0,0.1576421052631579,0.08,0.04,1.9736842105263157,0.0,0.15,0.12196363636363636,0.48047999999999996,0.0,0.5616
2020-11-22,0.2194758620689655,0.12,0.01,0.82,0.21,2.088235294117647,0.12,0.09,0.5512,0.17,0.09,0.4,0.18,0.13193142857142856,0.11,0.0,0.12,0.15,0.33,0.22,0.0,0.0,0.26428235294117647,0.15700645161290322,1.0,0.08,0.15748571428571428,0.0,0.2631578947368421,0.0,0.0,0.0,0.06,0.03,2.1315789473684212,0.0,0.12,0.15032727272727273,0.46799999999999997,0.0,0.5616
2020-11-29,0.18074482758620689,0.11,0.01,0.74,0.24,2.2058823529411766,0.12,0.09,0.5512,0.17,0.07,0.4,0.17,0.13549714285714284,0.12,0.08088888888888889,0.12,0.15,0.31,0.23,0.0,0.10601290322580645,0.27162352941176465,0.11272258064516129,1.0,0.06,0.12182857142857142,0.0,0.25,0.09730169491525424,0.0,0.1248,0.06,0.04,2.1052631578947367,0.0,0.12,0.11061818181818181,0.55536,0.0,0.6864
2020-12-06,0.24529655172413792,0.11,0.01,0.75,0.23,2.1176470588235294,0.12,0.09,0.52,0.17,0.07,0.38,0.18,0.16402285714285714,0.11,0.0,0.12,0.14,0.31,0.21,0.10175999999999999,0.0,0.22023529411764703,0.16103225806451613,1.0161290322580645,0.07,0.1129142857142857,0.08736,0.27631578947368424,0.08037966101694914,0.0,0.1598315789473684,0.06,0.04,2.210526315789474,0.0,0.12,0.14181818181818182,0.312,0.0,0.624
2020-12-13,0.25390344827586203,0.09,0.01,0.72,0.24,2.1176470588235294,0.11,0.09,0.624,0.18,0.07,0.42,0.18,0.1533257142857143,0.11,0.0,0.19,0.14,0.33,0.21,0.0,0.0,0.312,0.18116129032258063,1.0806451612903225,0.06,0.09508571428571427,0.0,0.5657894736842105,0.08461016949152542,0.0,0.21237894736842103,0.05,0.05,2.1052631578947367,0.0,0.11,0.12763636363636363,0.54912,0.0,0.6162
2020-12-20,0.22808275862068966,0.1,0.01,0.79,0.23,2.0,0.12,0.1,0.4472,0.15,0.06,0.39,0.15,0.1248,0.1,0.0,0.19,0.12,0.3,0.21,0.0,0.0,0.2532705882352941,0.15700645161290322,1.0,0.06,0.13074285714285713,0.0,0.4473684210526316,0.09095593220338982,0.0,0.1664,0.06,0.03,2.236842105263158,0.0,0.1,0.11345454545454545,0.38688,0.0,0.5928
2020-12-27,0.3313655172413793,0.13,0.01,0.84,0.22,2.2941176470588234,0.13,0.11,0.4784,0.17,0.08,0.38,0.17,0.2210742857142857,0.12,0.0,0.18,0.12,0.35,0.21,0.0,0.08856774193548388,0.20188235294117646,0.14492903225806453,1.1129032258064515,0.07,0.1456,0.0,0.7236842105263158,0.11422372881355931,0.0,0.0,0.06,0.04,2.3157894736842106,0.0,0.1,0.18436363636363637,0.39311999999999997,0.0,0.6317999999999999
2021-01-03,0.2625103448275862,0.11,0.01,0.83,0.24,2.2941176470588234,0.12,0.1,0.5512,0.18,0.07,0.36,0.17,0.1248,0.12,0.0,0.14,0.1,0.33,0.19,0.0,0.0,0.22390588235294118,0.18921290322580644,0.967741935483871,0.07,0.12182857142857142,0.0,0.3157894736842105,0.1269152542372881,0.0,0.0,0.06,0.04,2.0526315789473686,0.0,0.09,0.07658181818181818,0.41184,0.0,0.5928
2021-01-10,0.25390344827586203,0.1,0.0,0.75,0.24,2.411764705882353,0.13,0.1,0.6032,0.16,0.07,0.32,0.18,0.1711542857142857,0.1,0.0,0.13,0.1,0.31,0.21,0.0,0.0,0.18352941176470589,0.18921290322580644,0.967741935483871,0.07,0.24068571428571428,0.0,0.21052631578947367,0.0,0.0,0.07663157894736843,0.07,0.03,2.0526315789473686,0.0,0.09,0.1248,0.41808,0.0,0.5928
2021-01-17,0.2496,0.1,0.01,0.76,0.23,2.235294117647059,0.12,0.08,0.5512,0.17,0.07,0.33,0.19,0.14619428571428572,0.12,0.0,0.15,0.1,0.33,0.21,0.0,0.0,0.19454117647058822,0.14492903225806453,0.9354838709677419,0.07,0.10697142857142856,0.0,0.34210526315789475,0.0,0.0,0.0,0.07,0.04,1.868421052631579,0.0,0.08,0.16734545454545452,0.45552,0.0,0.4758
2021-01-24,0.17644137931034481,0.11,0.01,0.73,0.24,2.2058823529411766,0.12,0.08,0.4992,0.17,0.06,0.34,0.18,0.08201142857142857,0.12,0.0,0.19,0.1,0.32,0.2,0.0,0.0,0.1504941176470588,0.20531612903225807,1.0,0.06,0.13965714285714284,0.0,0.7368421052631579,0.08461016949152542,0.0,0.0,0.06,0.04,1.868421052631579,0.08522926829268293,0.1,0.15032727272727273,0.2808,0.0,0.5694
2021-01-31,0.2194758620689655,0.11,0.01,0.74,0.23,2.264705882352941,0.12,0.09,0.5408,0.16,0.07,0.34,0.2,0.11410285714285713,0.13,0.0,0.2,0.11,0.34,0.21,0.0,0.0,0.2459294117647059,0.1489548387096774,0.9838709677419355,0.07,0.1129142857142857,0.0,0.5,0.1374915254237288,0.0,0.0832,0.07,0.04,1.9473684210526316,0.0,0.08,0.1248,0.31823999999999997,0.0,0.4602
2021-02-07,0.29693793103448274,0.1,0.01,0.69,0.23,2.2941176470588234,0.13,0.08,0.5408,0.15,0.07,0.33,0.19,0.12123428571428571,0.12,0.0,0.32,0.1,0.3,0.19,0.0,0.0,0.11745882352941175,0.16103225806451613,0.9193548387096774,0.07,0.08914285714285713,0.0,0.6710526315789473,0.0,0.0,0.08538947368421053,0.06,0.03,1.9473684210526316,0.0,0.09,0.14465454545454545,0.312,0.0,0.43679999999999997
2021-02-14,0.29693793103448274,0.11,0.01,0.67,0.22,2.2941176470588234,0.12,0.07,0.5512,0.14,0.07,0.33,0.18,0.0,0.11,0.0,0.34,0.1,0.29,0.18,0.0,0.0,0.18719999999999998,0.10869677419354838,0.9032258064516129,0.06,0.13074285714285713,0.0,0.8421052631578947,0.11845423728813559,0.0,0.0,0.05,0.04,2.3947368421052633,0.0,0.09,0.10210909090909091,0.41184,0.0,0.46799999999999997
2021-02-21,0.2065655172413793,0.11,0.01,0.73,0.28,2.588235294117647,0.13,0.12,0.6344,0.19,0.07,0.41,0.19,0.14619428571428572,0.12,0.07857777777777777,0.22,0.11,0.37,0.23,0.0,0.08051612903225806,0.22023529411764703,0.21336774193548386,1.0161290322580645,0.1,0.16937142857142856,0.0,0.2236842105263158,0.09730169491525424,0.0,0.0,0.09,0.05,1.894736842105263,0.0,0.09,0.12196363636363636,0.41184,0.0,0.5771999999999999
2021-02-28,0.3055448275862069,0.13,0.02,0.74,0.29,2.676470588235294,0.13,0.12,0.7696,0.19,0.08,0.39,0.2,0.1961142857142857,0.12,0.0,0.16,0.1,0.41,0.24,0.0,0.0,0.1688470588235294,0.20934193548387098,1.0806451612903225,0.1,0.1366857142857143,0.0,0.13157894736842105,0.07826440677966101,0.0,0.0,0.12,0.05,2.0,0.0,0.11,0.18436363636363637,0.35568,0.0,0.5694
2021-03-07,0.18935172413793103,0.13,0.02,0.77,0.34,2.6176470588235294,0.14,0.13,0.7072,0.22,0.07,0.41,0.19,0.1711542857142857,0.13,0.0,0.14,0.11,0.42,0.27,0.0,0.0,0.15783529411764705,0.13285161290322578,1.0483870967741935,0.11,0.12182857142857142,0.0,0.2236842105263158,0.12268474576271186,0.0,0.0,0.14,0.04,1.894736842105263,0.0928390243902439,0.12,0.18719999999999998,0.5740799999999999,0.0,0.6708
2021-03-14,0.29263448275862064,0.13,0.02,0.7,0.33,2.5294117647058822,0.15,0.13,0.8111999999999999,0.22,0.07,0.38,0.18,0.16402285714285714,0.15,0.0,0.16,0.11,0.41,0.28,0.0,0.0,0.2569411764705882,0.24557419354838708,1.0806451612903225,0.1,0.07725714285714286,0.0,0.17105263157894737,0.1544135593220339,0.0,0.0,0.17,0.05,2.026315789473684,0.07457560975609756,0.1,0.18152727272727273,0.50544,0.079872,0.6941999999999999
2021-03-21,0.37870344827586205,0.15,0.02,0.84,0.31,2.7058823529411766,0.14,0.13,0.8111999999999999,0.23,0.08,0.39,0.19,0.16045714285714285,0.14,0.0,0.17,0.11,0.5,0.29,0.0,0.0,0.2532705882352941,0.2777806451612903,1.1774193548387097,0.12,0.21988571428571427,0.0,0.10526315789473684,0.09941694915254237,0.0,0.0,0.14,0.05,2.1315789473684212,0.0,0.11,0.17585454545454546,0.54912,0.0,0.6786
2021-03-28,0.33566896551724135,0.15,0.02,0.74,0.3,2.5,0.14,0.15,0.8944,0.24,0.08,0.39,0.18,0.16045714285714285,0.14,0.0,0.14,0.12,0.45,0.26,0.08448,0.0,0.27896470588235295,0.2415483870967742,1.1451612903225807,0.12,0.15154285714285712,0.0,0.06578947368421052,0.1248,0.0,0.0,0.13,0.05,2.0789473684210527,0.0,0.11,0.17018181818181816,0.5428799999999999,0.0,0.624
2021-04-04,0.3012413793103448,0.14,0.02,0.73,0.32,2.5,0.14,0.16,0.7591999999999999,0.23,0.09,0.39,0.18,0.14619428571428572,0.14,0.0,0.16,0.11,0.47,0.26,0.0,0.0,0.22390588235294118,0.2979096774193548,1.1129032258064515,0.12,0.2169142857142857,0.0,0.05263157894736842,0.11845423728813559,0.0,0.0,0.12,0.04,2.0526315789473686,0.0,0.11,0.1474909090909091,0.624,0.0,0.6864
2021-04-11,0.36148965517241377,0.13,0.03,0.7,0.31,2.264705882352941,0.13,0.13,0.6968,0.22,0.07,0.43,0.17,0.10697142857142856,0.14,0.0,0.16,0.11,0.45,0.28,0.0,0.0,0.20188235294117646,0.330116129032258,1.1290322580645162,0.11,0.18719999999999998,0.0,0.05263157894736842,0.1417220338983051,0.0,0.0919578947368421,0.12,0.05,2.0,0.0,0.11,0.23825454545454544,0.6052799999999999,0.0,0.6162
2021-04-18,0.2194758620689655,0.15,0.02,0.68,0.29,2.323529411764706,0.14,0.13,0.8423999999999999,0.2,0.08,0.43,0.17,0.18185142857142855,0.15,0.0,0.14,0.11,0.46,0.25,0.08256,0.0,0.2092235294117647,0.17713548387096775,1.1774193548387097,0.1,0.17828571428571427,0.0,0.05263157894736842,0.11210847457627118,0.0,0.0,0.12,0.04,2.0789473684210527,0.0,0.11,0.13898181818181815,0.55536,0.0,0.6317999999999999
2021-04-25,0.32275862068965516,0.13,0.03,0.61,0.3,2.2941176470588234,0.13,0.14,0.7072,0.2,0.07,0.43,0.18,0.18185142857142855,0.13,0.09244444444444444,0.15,0.1,0.45,0.26,0.0,0.0,0.22757647058823527,0.31401290322580644,1.1129032258064515,0.1,0.1753142857142857,0.0,0.039473684210526314,0.1438372881355932,0.0,0.07882105263157894,0.13,0.05,2.1052631578947367,0.0,0.11,0.15883636363636364,0.43679999999999997,0.0,0.6396
2021-05-02,0.2496,0.13,0.02,0.61,0.3,2.264705882352941,0.12,0.14,0.7696,0.22,0.07,0.38,0.18,0.16758857142857142,0.13,0.0,0.14,0.11,0.41,0.25,0.0,0.0,0.19821176470588234,0.20934193548387098,1.2096774193548387,0.11,0.10994285714285713,0.0,0.039473684210526314,0.13537627118644066,0.0,0.0,0.11,0.05,2.0789473684210527,0.0,0.1,0.18436363636363637,0.47423999999999994,0.0,0.6083999999999999
2021-05-09,0.25820689655172413,0.14,0.03,0.54,0.29,2.235294117647059,0.14,0.14,0.7384000000000001,0.21,0.08,0.41,0.16,0.09627428571428572,0.13,0.0,0.13,0.11,0.45,0.24,0.0,0.0,0.17618823529411765,0.31401290322580644,1.2096774193548387,0.11,0.13965714285714284,0.0,0.039473684210526314,0.09730169491525424,0.0,0.0,0.12,0.05,2.1052631578947367,0.0,0.09,0.19854545454545452,0.42432,0.0,0.5616
2021-05-16,0.309848275862069,0.14,0.02,0.57,0.31,2.2941176470588234,0.13,0.15,0.7903999999999999,0.2,0.07,0.39,0.18,0.1961142857142857,0.13,0.0,0.16,0.13,0.47,0.24,0.0,0.0,0.22390588235294118,0.28180645161290324,1.1935483870967742,0.11,0.14857142857142858,0.0,0.039473684210526314,0.1438372881355932,0.0,0.0,0.14,0.05,2.1315789473684212,0.0,0.1,0.12196363636363636,0.5116799999999999,0.0,0.507
2021-05-23,0.3055448275862069,0.15,0.04,0.55,0.31,2.176470588235294,0.12,0.16,0.7072,0.24,0.07,0.42,0.18,0.11053714285714285,0.13,0.0,0.17,0.12,0.48,0.26,0.0,0.0,0.26795294117647056,0.2415483870967742,1.1451612903225807,0.11,0.19314285714285714,0.0,0.02631578947368421,0.0,0.0,0.1007157894736842,0.13,0.06,2.1842105263157894,0.0,0.1,0.20138181818181816,0.5740799999999999,0.0,0.6864
2021-05-30,0.2754206896551724,0.16,0.04,0.54,0.27,2.264705882352941,0.13,0.14,0.8215999999999999,0.22,0.07,0.38,0.18,0.24246857142857142,0.14,0.0,0.15,0.12,0.49,0.24,0.0,0.0,0.17251764705882353,0.22141935483870967,1.2096774193548387,0.12,0.14857142857142858,0.0,0.02631578947368421,0.16498983050847457,0.0,0.0,0.1,0.04,2.1842105263157894,0.0,0.1,0.13614545454545454,0.55536,0.0,0.507
2021-06-06,0.29693793103448274,0.17,0.05,0.57,0.29,2.176470588235294,0.14,0.13,0.7799999999999999,0.22,0.07,0.39,0.17,0.18185142857142855,0.13,0.0,0.15,0.12,0.46,0.25,0.0,0.0,0.16517647058823529,0.20934193548387098,1.2096774193548387,0.11,0.1248,0.0,0.02631578947368421,0.09730169491525424,0.0,0.09414736842105263,0.11,0.05,2.0526315789473686,0.0,0.09,0.1474909090909091,0.48672,0.0,0.4446
2021-06-13,0.2194758620689655,0.18,0.06,0.56,0.31,2.1176470588235294,0.13,0.14,0.9047999999999999,0.24,0.08,0.39,0.18,0.17828571428571427,0.13,0.0,0.16,0.13,0.48,0.25,0.10175999999999999,0.0,0.2459294117647059,0.4025806451612903,1.1774193548387097,0.13,0.10102857142857143,0.0,0.02631578947368421,0.16287457627118646,0.0,0.0,0.12,0.05,2.0789473684210527,0.0,0.1,0.17585454545454546,0.46176,0.0,0.5226
2021-06-20,0.2625103448275862,0.16,0.04,0.56,0.28,2.1470588235294117,0.12,0.13,0.7696,0.23,0.08,0.42,0.18,0.19968,0.12,0.0,0.15,0.13,0.48,0.25,0.0,0.0,0.2496,0.28985806451612905,1.2096774193548387,0.1,0.17828571428571427,0.0,0.039473684210526314,0.09941694915254237,0.0,0.0,0.11,0.06,2.1052631578947367,0.0,0.09,0.15032727272727273,0.48672,0.0,0.5538
2021-06-27,0.21517241379310342,0.16,0.06,0.55,0.31,2.2058823529411766,0.13,0.13,0.8111999999999999,0.23,0.06,0.38,0.18,0.12836571428571428,0.13,0.0,0.14,0.13,0.47,0.25,0.0,0.0,0.16150588235294117,0.3462193548387097,1.1774193548387097,0.1,0.21394285714285713,0.0,0.02631578947368421,0.16075932203389828,0.0,0.0,0.1,0.05,2.0789473684210527,0.0,0.09,0.18152727272727273,0.36191999999999996,0.0,0.5459999999999999
2021-07-04,0.34427586206896554,0.17,0.05,0.53,0.3,2.264705882352941,0.12,0.13,0.8423999999999999,0.23,0.07,0.39,0.17,0.1961142857142857,0.13,0.0,0.14,0.11,0.48,0.24,0.0,0.0,0.1908705882352941,0.28180645161290324,1.1935483870967742,0.1,0.10102857142857143,0.0,0.039473684210526314,0.1417220338983051,0.0,0.0,0.09,0.05,1.9473684210526316,0.0,0.09,0.16450909090909088,0.5116799999999999,0.0,0.3276
2021-07-11,0.28402758620689655,0.16,0.05,0.55,0.32,2.2058823529411766,0.12,0.13,0.6968,0.24,0.06,0.4,0.17,0.1248,0.12,0.0,0.15,0.12,0.49,0.25,0.0,0.0,0.17985882352941177,0.3059612903225806,1.1935483870967742,0.11,0.16342857142857142,0.0,0.039473684210526314,0.1269152542372881,0.0,0.0,0.1,0.06,2.0,0.0,0.09,0.15883636363636364,0.53664,0.0,0.5928
2021-07-18,0.314151724137931,0.16,0.04,0.55,0.29,2.2941176470588234,0.13,0.15,0.8008,0.23,0.07,0.43,0.16,0.16045714285714285,0.12,0.0,0.14,0.1,0.51,0.26,0.10368,0.0,0.23124705882352942,0.2616774193548387,1.2741935483870968,0.11,0.16045714285714285,0.0,0.039473684210526314,0.0,0.0,0.0,0.11,0.05,2.0526315789473686,0.0,0.11,0.17301818181818182,0.39311999999999997,0.0,0.45239999999999997
2021-07-25,0.3270620689655172,0.17,0.04,0.53,0.31,2.2941176470588234,0.11,0.15,0.8111999999999999,0.21,0.08,0.43,0.16,0.14975999999999998,0.13,0.08782222222222222,0.14,0.1,0.48,0.24,0.0,0.0,0.2532705882352941,0.3582967741935484,1.2258064516129032,0.11,0.20502857142857142,0.103584,0.039473684210526314,0.0,0.0,0.0,0.1,0.06,2.026315789473684,0.0,0.1,0.19003636363636361,0.3432,0.0,0.4914
2021-08-01,0.2668137931034482,0.15,0.04,0.55,0.31,2.2058823529411766,0.12,0.13,0.5512,0.24,0.08,0.39,0.17,0.18541714285714286,0.14,0.0832,0.16,0.12,0.47,0.26,0.09216,0.0,0.19821176470588234,0.2375225806451613,1.1612903225806452,0.11,0.13074285714285713,0.0,0.039473684210526314,0.12056949152542372,0.0,0.0,0.12,0.05,2.0,0.0,0.11,0.15883636363636364,0.49296,0.0,0.4992
2021-08-08,0.3485793103448276,0.15,0.04,0.54,0.27,2.264705882352941,0.13,0.13,0.7072,0.24,0.07,0.41,0.17,0.16045714285714285,0.12,0.0,0.15,0.11,0.46,0.24,0.0,0.0,0.2349176470588235,0.32206451612903225,1.1290322580645162,0.1,0.12777142857142856,0.0,0.05263157894736842,0.16498983050847457,0.0,0.0,0.1,0.06,1.9736842105263157,0.0,0.1,0.15032727272727273,0.44928,0.0,0.5147999999999999
2021-08-15,0.27972413793103446,0.13,0.03,0.56,0.33,2.411764705882353,0.12,0.14,0.7696,0.21,0.07,0.43,0.17,0.18185142857142855,0.13,0.0,0.15,0.11,0.48,0.24,0.0,0.0832,0.20555294117647058,0.2496,1.1774193548387097,0.11,0.12777142857142856,0.0,0.05263157894736842,0.1248,0.0,0.13574736842105264,0.11,0.06,2.1052631578947367,0.0,0.1,0.15032727272727273,0.49296,0.0,0.6474
2021-08-22,0.28402758620689655,0.12,0.04,0.53,0.27,2.2941176470588234,0.12,0.14,0.8008,0.25,0.07,0.41,0.18,0.13549714285714284,0.11,0.0832,0.15,0.12,0.47,0.25,0.08832,0.0,0.14315294117647057,0.16103225806451613,1.096774193548387,0.1,0.19017142857142855,0.0,0.05263157894736842,0.1417220338983051,0.0,0.0,0.11,0.05,1.868421052631579,0.0,0.12,0.19854545454545452,0.45552,0.0,0.6162
2021-08-29,0.2237793103448276,0.11,0.03,0.51,0.3,2.1470588235294117,0.12,0.12,0.8008,0.22,0.07,0.36,0.16,0.1248,0.12,0.09013333333333333,0.14,0.11,0.51,0.22,0.0,0.0,0.2092235294117647,0.29388387096774193,1.2096774193548387,0.11,0.08914285714285713,0.0,0.06578947368421052,0.0,0.0,0.0,0.11,0.05,1.7894736842105263,0.0,0.11,0.2098909090909091,0.4992,0.0,0.5459999999999999
2021-09-05,0.2496,0.11,0.04,0.55,0.27,2.088235294117647,0.13,0.13,0.8527999999999999,0.24,0.07,0.37,0.18,0.2210742857142857,0.13,0.08782222222222222,0.13,0.12,0.5,0.25,0.096,0.0,0.08809411764705882,0.31401290322580644,1.2419354838709677,0.1,0.1248,0.0,0.06578947368421052,0.15018305084745762,0.0,0.0,0.12,0.06,1.894736842105263,0.10044878048780488,0.11,0.20421818181818183,0.39311999999999997,0.0,0.624
2021-09-12,0.21086896551724138,0.11,0.03,0.58,0.3,2.2058823529411766,0.12,0.12,0.7384000000000001,0.23,0.08,0.39,0.15,0.19254857142857143,0.12,0.08782222222222222,0.14,0.11,0.48,0.23,0.0,0.0,0.26795294117647056,0.20531612903225807,1.1290322580645162,0.1,0.13074285714285713,0.0,0.07894736842105263,0.1544135593220339,0.0,0.0,0.11,0.05,1.868421052631579,0.0,0.12,0.1333090909090909,0.47423999999999994,0.0,0.5226
2021-09-19,0.2323862068965517,0.11,0.02,0.6,0.26,2.176470588235294,0.11,0.13,0.7384000000000001,0.23,0.08,0.4,0.15,0.2175085714285714,0.12,0.0,0.17,0.11,0.48,0.23,0.0,0.0,0.21289411764705882,0.26570322580645156,1.1290322580645162,0.09,0.0832,0.0,0.07894736842105263,0.11210847457627118,0.0,0.0,0.1,0.05,1.8157894736842106,0.0,0.14,0.20138181818181816,0.39311999999999997,0.0,0.5382
2021-09-26,0.2668137931034482,0.12,0.02,0.62,0.28,2.176470588235294,0.12,0.13,0.6656,0.24,0.07,0.37,0.17,0.20324571428571428,0.12,0.09706666666666666,0.16,0.1,0.45,0.23,0.0,0.0,0.19454117647058822,0.1690838709677419,1.1774193548387097,0.1,0.13074285714285713,0.0,0.09210526315789473,0.17345084745762712,0.0,0.0,0.1,0.05,1.8421052631578947,0.0,0.15,0.13047272727272727,0.44303999999999993,0.0,0.507
2021-10-03,0.14631724137931032,0.1,0.02,0.58,0.27,2.176470588235294,0.13,0.11,0.6448,0.23,0.07,0.35,0.16,0.23533714285714283,0.13,0.0,0.23,0.12,0.42,0.22,0.0,0.0,0.1504941176470588,0.2496,1.1451612903225807,0.08,0.1248,0.0,0.11842105263157894,0.10364745762711865,0.0,0.0919578947368421,0.1,0.05,1.736842105263158,0.0,0.14,0.17018181818181816,0.43056,0.0,0.6083999999999999
2021-10-10,0.2194758620689655,0.1,0.02,0.64,0.26,2.0588235294117645,0.11,0.11,0.624,0.21,0.08,0.41,0.18,0.16402285714285714,0.11,0.0,0.18,0.13,0.45,0.23,0.10752,0.0,0.15783529411764705,0.2496,1.1935483870967742,0.1,0.1664,0.0,0.17105263157894737,0.15229830508474576,0.0,0.10509473684210525,0.1,0.04,1.894736842105263,0.1461073170731707,0.16,0.16450909090909088,0.5116799999999999,0.086112,0.46799999999999997
2021-10-17,0.15922758620689656,0.12,0.01,0.61,0.25,2.3529411764705883,0.12,0.13,0.5928,0.21,0.08,0.4,0.17,0.19254857142857143,0.12,0.0,0.17,0.13,0.41,0.21,0.0,0.0,0.16150588235294117,0.21739354838709676,1.2096774193548387,0.1,0.13074285714285713,0.0,0.17105263157894737,0.0,0.0,0.0,0.1,0.06,1.9210526315789473,0.10805853658536585,0.15,0.1786909090909091,0.44928,0.0,0.5304
2021-10-24,0.24099310344827587,0.1,0.02,0.67,0.26,2.1176470588235294,0.12,0.12,0.6344,0.2,0.08,0.38,0.17,0.14619428571428572,0.12,0.12942222222222222,0.13,0.13,0.38,0.21,0.0,0.0,0.12112941176470587,0.17310967741935485,1.1774193548387097,0.07,0.10994285714285713,0.0,0.18421052631578946,0.11845423728813559,0.0,0.0,0.07,0.05,1.8421052631578947,0.0,0.15,0.19287272727272725,0.45552,0.0,0.507
2021-10-31,0.23668965517241378,0.11,0.02,0.68,0.25,2.3529411764705883,0.11,0.1,0.6656,0.2,0.08,0.38,0.17,0.16758857142857142,0.12,0.0,0.14,0.15,0.38,0.2,0.0,0.0,0.11011764705882351,0.19323870967741935,1.1451612903225807,0.09,0.12777142857142856,0.0,0.17105263157894737,0.1248,0.0,0.09414736842105263,0.07,0.05,2.0,0.0,0.15,0.19287272727272725,0.39311999999999997,0.0,0.585
2021-11-07,0.21086896551724138,0.12,0.02,0.7,0.27,2.3529411764705883,0.12,0.12,0.6448,0.21,0.11,0.45,0.19,0.16402285714285714,0.13,0.09706666666666666,0.17,0.15,0.39,0.19,0.0,0.0,0.19821176470588234,0.21739354838709676,1.2419354838709677,0.09,0.16342857142857142,0.0,0.21052631578947367,0.1374915254237288,0.0,0.0,0.08,0.05,1.8421052631578947,0.0,0.17,0.1957090909090909,0.46799999999999997,0.0,0.624
2021-11-14,0.1936551724137931,0.12,0.02,0.72,0.24,2.2058823529411766,0.12,0.11,0.5928,0.2,0.1,0.45,0.19,0.11410285714285713,0.12,0.0,0.14,0.16,0.37,0.22,0.10175999999999999,0.08185806451612902,0.1284705882352941,0.330116129032258,1.1774193548387097,0.08,0.17234285714285713,0.0,0.21052631578947367,0.12903050847457626,0.0,0.11823157894736841,0.07,0.05,2.1842105263157894,0.0,0.16,0.16450909090909088,0.44303999999999993,0.0,0.624
2021-11-21,0.2668137931034482,0.13,0.02,0.74,0.21,2.088235294117647,0.17,0.1,0.6448,0.19,0.11,0.49,0.19,0.11410285714285713,0.11,0.0,0.14,0.18,0.37,0.23,0.0,0.0,0.22390588235294118,0.19323870967741935,1.1612903225806452,0.07,0.08617142857142857,0.0,0.21052631578947367,0.13326101694915254,0.0,0.0,0.07,0.04,2.3157894736842106,0.0,0.13,0.2127272727272727,0.45552,0.0,0.7799999999999999
2021-11-28,0.1936551724137931,0.13,0.02,0.75,0.26,2.264705882352941,0.13,0.1,0.676,0.2,0.1,0.46,0.17,0.14975999999999998,0.11,0.10168888888888888,0.15,0.16,0.4,0.22,0.0,0.10332903225806452,0.2569411764705882,0.18116129032258063,1.096774193548387,0.07,0.12182857142857142,0.0,0.21052631578947367,0.1311457627118644,0.0,0.11604210526315789,0.08,0.05,2.3421052631578947,0.0,0.13,0.10494545454545455,0.43679999999999997,0.0,0.702
2021-12-05,0.23668965517241378,0.11,0.01,0.73,0.25,2.1470588235294117,0.12,0.09,0.6656,0.19,0.09,0.45,0.17,0.10697142857142856,0.1,0.11093333333333333,0.17,0.15,0.39,0.24,0.0,0.0,0.17251764705882353,0.1690838709677419,1.1451612903225807,0.08,0.16342857142857142,0.0,0.4605263157894737,0.12268474576271186,0.0,0.0,0.07,0.05,2.0526315789473686,0.0,0.13,0.16450909090909088,0.35568,0.0,0.6396
2021-12-12,0.2625103448275862,0.1,0.01,0.76,0.25,2.1470588235294117,0.13,0.1,0.45759999999999995,0.19,0.07,0.43,0.16,0.16758857142857142,0.1,0.18257777777777778,0.18,0.13,0.36,0.22,0.0,0.11003870967741936,0.19454117647058822,0.1529806451612903,1.2580645161290323,0.07,0.12182857142857142,0.0,0.6447368421052632,0.0,0.0,0.1576421052631579,0.07,0.05,2.0526315789473686,0.0,0.12,0.1248,0.37439999999999996,0.0,0.7332
2021-12-19,0.23668965517241378,0.11,0.01,0.75,0.2,2.0294117647058822,0.12,0.09,0.4472,0.17,0.07,0.43,0.16,0.19968,0.1,0.13635555555555554,0.17,0.11,0.34,0.21,0.09216,0.0,0.23124705882352942,0.1529806451612903,1.0806451612903225,0.07,0.1248,0.0,0.868421052631579,0.08884067796610169,0.0,0.13136842105263158,0.07,0.04,2.1052631578947367,0.0,0.1,0.16734545454545452,0.42432,0.0,0.6083999999999999
2021-12-26,0.27972413793103446,0.12,0.01,0.77,0.24,2.0,0.12,0.09,0.5512,0.19,0.07,0.4,0.16,0.18898285714285712,0.1,0.17564444444444444,0.26,0.11,0.4,0.21,0.0,0.0,0.11745882352941175,0.19323870967741935,0.9516129032258065,0.09,0.16342857142857142,0.0,1.3157894736842106,0.08672542372881356,0.0,0.0,0.07,0.05,2.263157894736842,0.0,0.12,0.15316363636363636,0.41808,0.0,0.507
2022-01-02,0.2237793103448276,0.12,0.01,0.71,0.22,2.411764705882353,0.13,0.11,0.5304,0.18,0.08,0.4,0.2,0.16758857142857142,0.11,0.2126222222222222,0.42,0.12,0.4,0.19,0.0,0.0,0.1248,0.1368774193548387,1.2096774193548387,0.14,0.13074285714285713,0.0,0.6973684210526315,0.11633898305084744,0.0,0.10728421052631579,0.08,0.06,2.210526315789474,0.0,0.1,0.12763636363636363,0.39936,0.0,0.5928
2022-01-09,0.2625103448275862,0.12,0.01,0.68,0.26,2.3529411764705883,0.12,0.1,0.624,0.19,0.1,0.38,0.2,0.17472,0.11,0.17102222222222221,0.29,0.11,0.37,0.18,0.0,0.0,0.11745882352941175,0.17713548387096775,1.096774193548387,0.15,0.1337142857142857,0.0,0.4342105263157895,0.0,0.0,0.10290526315789474,0.07,0.05,2.026315789473684,0.0,0.1,0.09927272727272726,0.44928,0.0,0.5304
2022-01-16,0.25390344827586203,0.13,0.01,0.63,0.23,2.3823529411764706,0.11,0.09,0.4992,0.14,0.08,0.36,0.19,0.18185142857142855,0.09,0.1640888888888889,0.26,0.11,0.34,0.19,0.11136,0.10064516129032257,0.13581176470588233,0.20129032258064514,1.0806451612903225,0.14,0.0,0.0,0.4342105263157895,0.14595254237288136,0.0,0.09852631578947368,0.07,0.05,1.9736842105263157,0.0,0.09,0.0,0.31823999999999997,0.0,0.507
2022-01-23,0.17213793103448277,0.13,0.01,0.63,0.25,2.6470588235294117,0.12,0.1,0.5824,0.17,0.1,0.4,0.2,0.2852571428571428,0.11,0.22186666666666666,0.37,0.12,0.37,0.19,0.0,0.11674838709677418,0.1688470588235294,0.18116129032258063,1.0806451612903225,0.16,0.10994285714285713,0.0,0.3157894736842105,0.10999322033898304,0.0,0.11823157894736841,0.08,0.06,2.0789473684210527,0.0,0.09,0.1474909090909091,0.42432,0.0,0.5928
2022-01-30,0.2323862068965517,0.14,0.01,0.67,0.24,2.6470588235294117,0.12,0.1,0.6344,0.16,0.09,0.38,0.21,0.21037714285714285,0.1,0.2311111111111111,0.4,0.1,0.38,0.18,0.12672,0.0,0.16150588235294117,0.20531612903225807,1.1129032258064515,0.15,0.13965714285714284,0.0,0.42105263157894735,0.0,0.0,0.0,0.07,0.07,2.1315789473684212,0.0,0.08,0.09643636363636363,0.35568,0.0,0.585
2022-02-06,0.314151724137931,0.15,0.01,0.69,0.24,2.764705882352941,0.11,0.12,0.7384000000000001,0.2,0.09,0.4,0.21,0.27456,0.11,0.20106666666666667,0.28,0.1,0.41,0.2,0.09792,0.0,0.15416470588235295,0.2697290322580645,1.1290322580645162,0.17,0.1248,0.0,0.18421052631578946,0.0,0.0,0.0,0.11,0.07,2.0789473684210527,0.0,0.1,0.16734545454545452,0.43056,0.0,0.6006
2022-02-13,0.19795862068965517,0.13,0.02,0.67,0.27,2.7941176470588234,0.12,0.11,0.6552,0.17,0.1,0.41,0.2,0.16402285714285714,0.12,0.09706666666666666,0.28,0.1,0.45,0.22,0.07872,0.0,0.21656470588235294,0.165058064516129,1.064516129032258,0.22,0.0832,0.0,0.19736842105263158,0.11422372881355931,0.0,0.0,0.09,0.06,2.0789473684210527,0.0,0.09,0.14181818181818182,0.34944,0.0,0.6396
2022-02-20,0.25820689655172413,0.14,0.01,0.73,0.28,2.8529411764705883,0.13,0.11,0.7696,0.2,0.09,0.43,0.21,0.23890285714285714,0.12,0.0,0.31,0.09,0.49,0.26,0.0672,0.0,0.20555294117647058,0.21336774193548386,1.0483870967741935,0.24,0.1337142857142857,0.0,0.27631578947368424,0.1248,0.0,0.12261052631578946,0.09,0.07,2.1315789473684212,0.0,0.1,0.1957090909090909,0.40559999999999996,0.0,0.7332
2022-02-27,0.39161379310344824,0.14,0.02,0.66,0.31,2.9411764705882355,0.12,0.12,0.7487999999999999,0.21,0.1,0.43,0.2,0.19254857142857143,0.13,0.0,0.22,0.1,0.53,0.25,0.0672,0.0,0.16517647058823529,0.2979096774193548,1.1129032258064515,0.28,0.1426285714285714,0.0,0.17105263157894737,0.11845423728813559,0.0,0.0,0.1,0.06,2.1315789473684212,0.0,0.1,0.18719999999999998,0.38688,0.0,0.6629999999999999
2022-03-06,0.25820689655172413,0.14,0.02,0.63,0.28,2.735294117647059,0.12,0.11,0.8632,0.19,0.09,0.44,0.21,0.16758857142857142,0.11,0.09244444444444444,0.22,0.1,0.51,0.24,0.09792,0.0,0.19454117647058822,0.29388387096774193,1.096774193548387,0.31,0.15154285714285712,0.0,0.13157894736842105,0.12268474576271186,0.0,0.07663157894736843,0.09,0.07,2.236842105263158,0.0,0.09,0.1957090909090909,0.45552,0.0,0.7332
2022-03-13,0.43034482758620685,0.14,0.01,0.65,0.28,2.764705882352941,0.14,0.12,0.6864,0.19,0.09,0.44,0.21,0.2210742857142857,0.12,0.08782222222222222,0.22,0.11,0.56,0.25,0.07872,0.0,0.18352941176470589,0.22947096774193546,1.1451612903225807,0.32,0.17828571428571427,0.0,0.09210526315789473,0.17345084745762712,0.0,0.0,0.1,0.07,2.289473684210526,0.0,0.09,0.1474909090909091,0.43679999999999997,0.0,0.7487999999999999
2022-03-20,0.2668137931034482,0.14,0.02,0.65,0.29,2.676470588235294,0.12,0.12,0.8839999999999999,0.22,0.09,0.44,0.19,0.2709942857142857,0.12,0.0,0.18,0.1,0.54,0.25,0.0672,0.0,0.11011764705882351,0.33414193548387094,1.2258064516129032,0.3,0.1664,0.0,0.06578947368421052,0.12903050847457626,0.0,0.0,0.11,0.07,2.3684210526315788,0.0,0.1,0.24676363636363635,0.41808,0.0,0.7098
2022-03-27,0.21517241379310342,0.13,0.02,0.58,0.28,2.588235294117647,0.12,0.11,0.7591999999999999,0.21,0.09,0.43,0.19,0.1426285714285714,0.12,0.09706666666666666,0.16,0.1,0.49,0.24,0.08256,0.0832,0.1504941176470588,0.2375225806451613,1.096774193548387,0.27,0.1337142857142857,0.0,0.06578947368421052,0.10787796610169491,0.0,0.07882105263157894,0.11,0.07,2.1315789473684212,0.0,0.09,0.1474909090909091,0.43679999999999997,0.0,0.7098
2022-04-03,0.29693793103448274,0.14,0.02,0.56,0.27,2.3823529411764706,0.11,0.12,0.8423999999999999,0.19,0.09,0.41,0.17,0.16045714285714285,0.12,0.0,0.17,0.1,0.49,0.21,0.0,0.06441290322580645,0.1688470588235294,0.1690838709677419,1.1774193548387097,0.26,0.16937142857142856,0.0,0.05263157894736842,0.08249491525423729,0.0,0.0,0.09,0.07,2.1315789473684212,0.07153170731707316,0.09,0.1786909090909091,0.38064,0.0,0.7644
2022-04-10,0.21086896551724138,0.13,0.02,0.56,0.25,2.411764705882353,0.12,0.14,0.8632,0.2,0.1,0.45,0.17,0.20324571428571428,0.12,0.0,0.19,0.1,0.54,0.21,0.11136,0.0,0.18719999999999998,0.1529806451612903,1.1612903225806452,0.25,0.19314285714285714,0.0,0.10526315789473684,0.11422372881355931,0.0,0.08757894736842105,0.12,0.07,2.263157894736842,0.0,0.1,0.16734545454545452,0.44928,0.0,0.585
2022-04-17,0.25390344827586203,0.13,0.02,0.51,0.25,2.2941176470588234,0.11,0.12,0.7591999999999999,0.19,0.09,0.41,0.18,0.16758857142857142,0.11,0.0,0.16,0.09,0.51,0.23,0.08064,0.0,0.22757647058823527,0.18518709677419354,1.1290322580645162,0.27,0.14857142857142858,0.0,0.09210526315789473,0.1311457627118644,0.0,0.0,0.11,0.07,2.1315789473684212,0.10349268292682925,0.09,0.15316363636363636,0.43679999999999997,0.0,0.6396
2022-04-24,0.21517241379310342,0.14,0.03,0.53,0.26,2.3529411764705883,0.11,0.13,0.7903999999999999,0.2,0.1,0.43,0.19,0.2175085714285714,0.1,0.0,0.18,0.11,0.54,0.22,0.09984,0.0,0.13214117647058823,0.25362580645161287,1.1451612903225807,0.26,0.1664,0.0,0.039473684210526314,0.11845423728813559,0.0,0.0,0.12,0.07,2.236842105263158,0.0,0.09,0.18152727272727273,0.43679999999999997,0.0,0.7098
2022-05-01,0.2323862068965517,0.13,0.03,0.51,0.24,2.264705882352941,0.12,0.12,0.7176,0.18,0.08,0.4,0.17,0.1711542857142857,0.11,0.0,0.16,0.1,0.53,0.22,0.0672,0.09125161290322581,0.19821176470588234,0.31401290322580644,1.1290322580645162,0.26,0.1456,0.063648,0.02631578947368421,0.15229830508474576,0.0,0.07006315789473684,0.1,0.07,2.1578947368421053,0.08979512195121951,0.08,0.156,0.45552,0.0,0.5771999999999999
2022-05-08,0.1635310344827586,0.13,0.04,0.49,0.25,2.3823529411764706,0.1,0.14,0.7591999999999999,0.2,0.09,0.4,0.18,0.1711542857142857,0.1,0.0,0.18,0.12,0.53,0.23,0.096,0.0,0.12112941176470587,0.16103225806451613,1.1774193548387097,0.29,0.1456,0.0,0.039473684210526314,0.12903050847457626,0.0,0.07882105263157894,0.13,0.08,2.210526315789474,0.0,0.08,0.19003636363636361,0.39311999999999997,0.0,0.624
2022-05-15,0.17644137931034481,0.14,0.05,0.46,0.26,2.323529411764706,0.1,0.12,0.9047999999999999,0.19,0.1,0.42,0.19,0.1711542857142857,0.1,0.07626666666666666,0.19,0.09,0.54,0.21,0.0,0.0,0.16150588235294117,0.30998709677419356,1.2419354838709677,0.22,0.1248,0.0,0.039473684210526314,0.13537627118644066,0.0,0.0,0.12,0.07,2.1842105263157894,0.0,0.08,0.13614545454545454,0.40559999999999996,0.0,0.6317999999999999
2022-05-22,0.23668965517241378,0.16,0.03,0.46,0.27,2.3823529411764706,0.09,0.12,0.7487999999999999,0.21,0.09,0.41,0.18,0.17828571428571427,0.1,0.0,0.18,0.11,0.52,0.23,0.08832,0.0,0.16150588235294117,0.22141935483870967,1.1774193548387097,0.22,0.10697142857142856,0.09235199999999999,0.039473684210526314,0.14595254237288136,0.0,0.0,0.12,0.06,1.9736842105263157,0.0,0.08,0.1786909090909091,0.42432,0.0,0.507
2022-05-29,0.23668965517241378,0.17,0.05,0.45,0.25,2.2058823529411766,0.09,0.13,0.8735999999999999,0.21,0.08,0.41,0.17,0.21037714285714285,0.11,0.0,0.18,0.11,0.58,0.22,0.0,0.0,0.13948235294117647,0.18518709677419354,1.1774193548387097,0.24,0.1664,0.0,0.039473684210526314,0.0,0.0,0.0,0.13,0.05,2.3684210526315788,0.08066341463414634,0.08,0.19287272727272725,0.5678399999999999,0.0,0.624
2022-06-05,0.22808275862068966,0.16,0.05,0.45,0.23,2.411764705882353,0.11,0.14,0.7903999999999999,0.21,0.08,0.42,0.18,0.16045714285714285,0.11,0.0,0.17,0.12,0.59,0.24,0.0,0.0,0.13581176470588233,0.22141935483870967,1.2096774193548387,0.3,0.1426285714285714,0.0,0.039473684210526314,0.16287457627118646,0.0,0.0,0.13,0.06,2.3157894736842106,0.0,0.09,0.16167272727272727,0.41808,0.0,0.5694
2022-06-12,0.17213793103448277,0.16,0.07,0.43,0.27,2.235294117647059,0.1,0.15,0.9463999999999999,0.18,0.1,0.45,0.16,0.25316571428571427,0.1,0.09244444444444444,0.18,0.13,0.57,0.22,0.0,0.0,0.16150588235294117,0.17713548387096775,1.1935483870967742,0.33,0.15748571428571428,0.0,0.039473684210526314,0.11633898305084744,0.0,0.0,0.12,0.07,2.3157894736842106,0.0,0.07,0.20421818181818183,0.43056,0.0,0.5928
2022-06-19,0.25390344827586203,0.16,0.08,0.44,0.31,2.5294117647058822,0.11,0.14,0.9775999999999999,0.24,0.1,0.43,0.19,0.17828571428571427,0.09,0.0,0.18,0.12,0.59,0.24,0.0,0.07917419354838709,0.13948235294117647,0.26570322580645156,1.2580645161290323,0.3,0.18422857142857144,0.0,0.02631578947368421,0.11845423728813559,0.0,0.0,0.14,0.07,2.289473684210526,0.08675121951219511,0.08,0.20138181818181816,0.35568,0.0,0.5694
2022-06-26,0.29693793103448274,0.16,0.06,0.43,0.27,2.323529411764706,0.11,0.14,0.9151999999999999,0.22,0.1,0.45,0.17,0.10697142857142856,0.1,0.0,0.2,0.11,0.6,0.23,0.08639999999999999,0.07380645161290322,0.17251764705882353,0.22947096774193546,1.2903225806451613,0.3,0.1366857142857143,0.0,0.02631578947368421,0.1311457627118644,0.0,0.0919578947368421,0.14,0.06,2.263157894736842,0.0,0.09,0.156,0.39936,0.0,0.6864
2022-07-03,0.21517241379310342,0.16,0.06,0.45,0.25,2.3823529411764706,0.11,0.14,0.9256,0.22,0.1,0.46,0.18,0.23177142857142857,0.11,0.0,0.18,0.12,0.61,0.23,0.09216,0.11003870967741936,0.17251764705882353,0.3381677419354838,1.2419354838709677,0.25,0.15154285714285712,0.0,0.02631578947368421,0.08884067796610169,0.0,0.0,0.13,0.06,2.289473684210526,0.0,0.08,0.1957090909090909,0.38064,0.0,0.5304
2022-07-10,0.21517241379310342,0.18,0.06,0.43,0.27,2.411764705882353,0.11,0.14,0.9672,0.21,0.1,0.5,0.18,0.15689142857142857,0.1,0.07626666666666666,0.18,0.12,0.58,0.24,0.14592,0.0,0.1908705882352941,0.32206451612903225,1.2580645161290323,0.25,0.15154285714285712,0.0,0.039473684210526314,0.1374915254237288,0.0,0.0,0.13,0.07,2.3684210526315788,0.07457560975609756,0.1,0.20421818181818183,0.39311999999999997,0.0,0.585
2022-07-17,0.2237793103448276,0.16,0.07,0.45,0.26,2.323529411764706,0.12,0.13,0.8735999999999999,0.22,0.09,0.44,0.19,0.20324571428571428,0.11,0.0,0.19,0.12,0.57,0.23,0.10752,0.0,0.13214117647058823,0.22947096774193546,1.2580645161290323,0.21,0.09805714285714286,0.07487999999999999,0.039473684210526314,0.12268474576271186,0.0,0.0,0.12,0.08,2.236842105263158,0.0,0.09,0.21556363636363635,0.43679999999999997,0.0,0.5304
2022-07-24,0.2194758620689655,0.15,0.05,0.45,0.28,2.3823529411764706,0.11,0.13,0.8839999999999999,0.22,0.09,0.45,0.18,0.2496,0.11,0.0,0.18,0.12,0.59,0.24,0.13631999999999997,0.0,0.15416470588235295,0.24557419354838708,1.1935483870967742,0.27,0.14857142857142858,0.08985599999999999,0.02631578947368421,0.1248,0.0,0.07444210526315789,0.12,0.07,2.1578947368421053,0.0,0.1,0.18436363636363637,0.4992,0.0,0.6474
2022-07-31,0.2065655172413793,0.14,0.06,0.47,0.27,2.3823529411764706,0.11,0.13,0.7384000000000001,0.21,0.1,0.46,0.18,0.2709942857142857,0.11,0.0,0.19,0.11,0.57,0.25,0.0,0.0,0.2092235294117647,0.3059612903225806,1.2096774193548387,0.28,0.15451428571428572,0.0,0.039473684210526314,0.08461016949152542,0.0,0.0,0.12,0.07,2.1315789473684212,0.0,0.1,0.17018181818181816,0.46176,0.0,0.6083999999999999
2022-08-07,0.22808275862068966,0.15,0.09,0.52,0.3,2.5294117647058822,0.11,0.13,0.7903999999999999,0.22,0.1,0.5,0.17,0.31378285714285714,0.1,0.0,0.18,0.12,0.6,0.25,0.11711999999999999,0.0952774193548387,0.1468235294117647,0.2415483870967742,1.2258064516129032,0.27,0.10697142857142856,0.0,0.05263157894736842,0.10364745762711865,0.0,0.0,0.13,0.06,2.210526315789474,0.0,0.12,0.16450909090909088,0.43056,0.0,0.5459999999999999
2022-08-14,0.27972413793103446,0.14,0.05,0.48,0.3,2.5,0.1,0.15,0.9256,0.24,0.1,0.47,0.19,0.17828571428571427,0.1,0.0,0.17,0.11,0.58,0.24,0.12863999999999998,0.0,0.17251764705882353,0.22544516129032258,1.2258064516129032,0.27,0.17234285714285713,0.0,0.05263157894736842,0.10576271186440676,0.0,0.08101052631578948,0.12,0.06,2.236842105263158,0.0,0.11,0.15883636363636364,0.5616,0.0,0.624
2022-08-21,0.21517241379310342,0.15,0.04,0.5,0.28,2.4411764705882355,0.13,0.13,0.8215999999999999,0.2,0.09,0.44,0.18,0.25316571428571427,0.11,0.1063111111111111,0.17,0.11,0.54,0.24,0.0,0.0,0.12112941176470587,0.3180387096774193,1.2419354838709677,0.22,0.13074285714285713,0.0,0.06578947368421052,0.17768135593220338,0.0,0.0,0.12,0.06,2.1578947368421053,0.0,0.13,0.2127272727272727,0.39936,0.0,0.5928
2022-08-28,0.2754206896551724,0.12,0.04,0.51,0.26,2.2941176470588234,0.11,0.12,0.728,0.21,0.09,0.43,0.16,0.2674285714285714,0.1,0.07857777777777777,0.17,0.1,0.5,0.22,0.10368,0.0,0.13581176470588233,0.2616774193548387,1.1774193548387097,0.16,0.14857142857142858,0.0,0.05263157894736842,0.10576271186440676,0.0,0.0,0.11,0.08,2.236842105263158,0.0,0.12,0.19003636363636361,0.47423999999999994,0.0,0.6162
2022-09-04,0.2194758620689655,0.12,0.03,0.48,0.23,2.235294117647059,0.11,0.12,0.7591999999999999,0.19,0.08,0.42,0.17,0.19254857142857143,0.1,0.06933333333333333,0.17,0.11,0.46,0.21,0.11711999999999999,0.0,0.1248,0.18921290322580644,1.064516129032258,0.14,0.13965714285714284,0.0,0.06578947368421052,0.18614237288135593,0.0,0.07663157894736843,0.11,0.07,2.1052631578947367,0.0,0.14,0.2127272727272727,0.39311999999999997,0.0,0.6006
2022-09-11,0.18935172413793103,0.11,0.02,0.51,0.26,2.3823529411764706,0.11,0.12,0.6448,0.2,0.09,0.41,0.17,0.21394285714285713,0.1,0.0,0.18,0.1,0.45,0.22,0.10944,0.0,0.16517647058823529,0.22141935483870967,1.1612903225806452,0.13,0.1366857142857143,0.0,0.07894736842105263,0.1269152542372881,0.0,0.0,0.12,0.06,2.0526315789473686,0.0,0.14,0.23825454545454544,0.47423999999999994,0.0,0.507
2022-09-18,0.19795862068965517,0.11,0.02,0.51,0.26,2.3529411764705883,0.11,0.12,0.8215999999999999,0.21,0.09,0.4,0.18,0.20324571428571428,0.1,0.0,0.2,0.1,0.41,0.2,0.09024,0.0,0.10644705882352941,0.18518709677419354,1.1935483870967742,0.11,0.1664,0.0,0.07894736842105263,0.15229830508474576,0.0,0.07225263157894737,0.11,0.07,2.0789473684210527,0.0,0.15,0.2524363636363636,0.50544,0.0,0.5694
2022-09-25,0.3313655172413793,0.11,0.02,0.54,0.22,2.3823529411764706,0.11,0.13,0.6968,0.2,0.09,0.39,0.19,0.15689142857142857,0.09,0.07395555555555555,0.18,0.1,0.42,0.21,0.1152,0.06978064516129032,0.17251764705882353,0.23349677419354836,1.3064516129032258,0.1,0.14857142857142858,0.0,0.07894736842105263,0.1248,0.0,0.0,0.11,0.07,2.3157894736842106,0.0,0.14,0.20421818181818183,0.42432,0.0,0.5616
2022-10-02,0.15922758620689656,0.12,0.02,0.58,0.26,2.4705882352941178,0.11,0.13,0.6448,0.2,0.08,0.4,0.18,0.24246857142857142,0.09,0.0,0.19,0.11,0.42,0.2,0.12288,0.0,0.08809411764705882,0.20934193548387098,1.1935483870967742,0.1,0.1426285714285714,0.0,0.10526315789473684,0.0,0.0,0.0,0.11,0.07,2.1052631578947367,0.0,0.17,0.17585454545454546,0.44928,0.0,0.624
2022-10-09,0.1936551724137931,0.12,0.02,0.55,0.24,2.4411764705882355,0.11,0.13,0.676,0.2,0.09,0.41,0.18,0.16402285714285714,0.1,0.0,0.2,0.12,0.43,0.2,0.07872,0.0,0.1284705882352941,0.24557419354838708,1.1935483870967742,0.11,0.104,0.0,0.09210526315789473,0.09095593220338982,0.0,0.12261052631578946,0.1,0.06,2.1315789473684212,0.0,0.17,0.28363636363636363,0.35568,0.0,0.6162
2022-10-16,0.2668137931034482,0.12,0.02,0.55,0.23,2.4705882352941178,0.1,0.11,0.5408,0.19,0.08,0.38,0.17,0.1961142857142857,0.09,0.0,0.18,0.12,0.39,0.2,0.0,0.0,0.1908705882352941,0.18921290322580644,1.2258064516129032,0.09,0.15748571428571428,0.0,0.11842105263157894,0.0951864406779661,0.0,0.0,0.1,0.06,2.0789473684210527,0.0,0.16,0.13047272727272727,0.38688,0.0,0.5538
2022-10-23,0.18935172413793103,0.11,0.02,0.59,0.25,2.4411764705882355,0.1,0.1,0.624,0.18,0.09,0.39,0.17,0.18541714285714286,0.09,0.0,0.17,0.11,0.37,0.2,0.0,0.0,0.07341176470588236,0.21739354838709676,1.1935483870967742,0.09,0.12777142857142856,0.0,0.15789473684210525,0.1374915254237288,0.0,0.0,0.09,0.06,2.026315789473684,0.0,0.16,0.17018181818181816,0.40559999999999996,0.0,0.5459999999999999
2022-10-30,0.18074482758620689,0.09,0.01,0.56,0.22,2.3529411764705883,0.11,0.11,0.6136,0.18,0.09,0.39,0.17,0.16758857142857142,0.1,0.07395555555555555,0.18,0.11,0.36,0.18,0.08256,0.0,0.13214117647058823,0.20934193548387098,1.1290322580645162,0.08,0.13965714285714284,0.0,0.27631578947368424,0.12903050847457626,0.0,0.0,0.08,0.07,2.026315789473684,0.0,0.16,0.13614545454545454,0.43056,0.0,0.5459999999999999
2022-11-06,0.0,0.12,0.01,0.6,0.21,2.1176470588235294,0.1,0.1,0.5408,0.23,0.08,0.4,0.16,0.20324571428571428,0.08,0.0,0.16,0.11,0.37,0.18,0.07680000000000001,0.0,0.16150588235294117,0.20129032258064514,1.1290322580645162,0.07,0.15451428571428572,0.0,0.34210526315789475,0.09730169491525424,0.0,0.07006315789473684,0.07,0.06,1.9210526315789473,0.0,0.15,0.09643636363636363,0.3432,0.0,0.5147999999999999
2022-11-13,0.21517241379310342,0.11,0.02,0.57,0.21,2.3823529411764706,0.1,0.09,0.416,0.2,0.1,0.37,0.17,0.16402285714285714,0.09,0.0,0.21,0.13,0.34,0.19,0.08639999999999999,0.11272258064516129,0.14315294117647057,0.18518709677419354,1.2258064516129032,0.07,0.1664,0.0,0.32894736842105265,0.17133559322033895,0.0,0.10509473684210525,0.06,0.06,2.1052631578947367,0.0,0.16,0.16167272727272727,0.42432,0.0,0.6083999999999999
2022-11-20,0.25820689655172413,0.13,0.01,0.62,0.2,2.2941176470588234,0.11,0.1,0.48879999999999996,0.17,0.11,0.45,0.18,0.16045714285714285,0.09,0.10168888888888888,0.19,0.16,0.34,0.21,0.08064,0.09125161290322581,0.18352941176470589,0.19323870967741935,1.064516129032258,0.07,0.104,0.0,0.3157894736842105,0.15652881355932202,0.0,0.1094736842105263,0.08,0.05,2.3421052631578947,0.07914146341463414,0.13,0.19003636363636361,0.36816,0.0,0.6162
2022-11-27,0.14201379310344828,0.12,0.01,0.64,0.2,2.235294117647059,0.11,0.09,0.39519999999999994,0.19,0.08,0.42,0.16,0.16758857142857142,0.08,0.07164444444444444,0.17,0.15,0.35,0.18,0.0,0.0,0.07341176470588236,0.1690838709677419,1.0806451612903225,0.07,0.14857142857142858,0.0,0.4342105263157895,0.0,0.0,0.14888421052631579,0.07,0.06,2.236842105263158,0.0,0.13,0.17585454545454546,0.36816,0.0,0.6396
2022-12-04,0.24099310344827587,0.12,0.01,0.7,0.21,2.0588235294117645,0.1,0.08,0.5824,0.19,0.09,0.43,0.16,0.1961142857142857,0.08,0.11786666666666666,0.17,0.13,0.33,0.19,0.08064,0.07649032258064516,0.15416470588235295,0.1248,1.0483870967741935,0.06,0.09508571428571427,0.0,0.4473684210526316,0.09307118644067797,0.0,0.1751578947368421,0.06,0.07,2.1052631578947367,0.0,0.13,0.13898181818181815,0.36816,0.0,0.624
2022-12-11,0.2496,0.12,0.02,0.7,0.21,2.1470588235294117,0.11,0.09,0.572,0.16,0.08,0.46,0.17,0.19968,0.08,0.0,0.22,0.13,0.37,0.21,0.0,0.07380645161290322,0.22757647058823527,0.20934193548387098,1.1935483870967742,0.07,0.09508571428571427,0.0,0.631578947368421,0.12268474576271186,0.0,0.21456842105263157,0.07,0.07,2.1842105263157894,0.08675121951219511,0.12,0.16734545454545452,0.35568,0.0,0.5226
2022-12-18,0.2237793103448276,0.12,0.01,0.62,0.2,2.3823529411764706,0.11,0.08,0.43679999999999997,0.17,0.08,0.43,0.17,0.16758857142857142,0.08,0.0,0.49,0.15,0.32,0.18,0.07872,0.10467096774193549,0.15416470588235295,0.21739354838709676,1.3548387096774193,0.06,0.1753142857142857,0.0,0.8289473684210527,0.0,0.0,0.2189473684210526,0.05,0.06,2.5526315789473686,0.0,0.1,0.11912727272727272,0.31823999999999997,0.0,0.5382
2022-12-25,0.19795862068965517,0.14,0.01,0.73,0.23,2.764705882352941,0.13,0.09,0.6032,0.19,0.09,0.45,0.19,0.17828571428571427,0.09,0.08782222222222222,0.54,0.15,0.4,0.2,0.0,0.0,0.13214117647058823,0.2737548387096774,1.1612903225806452,0.07,0.1129142857142857,0.0,0.6842105263157895,0.15652881355932202,0.0,0.08757894736842105,0.06,0.05,2.6315789473684212,0.0,0.1,0.156,0.48672,0.0,0.5771999999999999
2023-01-01,0.15922758620689656,0.13,0.01,0.66,0.22,2.5,0.12,0.09,0.5095999999999999,0.22,0.09,0.51,0.19,0.18185142857142855,0.08,0.0,0.22,0.1,0.4,0.2,0.0,0.0,0.1504941176470588,0.23349677419354836,1.1935483870967742,0.08,0.11885714285714284,0.0,0.6052631578947368,0.10364745762711865,0.0,0.0919578947368421,0.07,0.05,2.1052631578947367,0.0,0.1,0.14181818181818182,0.3432,0.0,0.5928
2023-01-08,0.18935172413793103,0.12,0.01,0.67,0.22,2.3529411764705883,0.11,0.08,0.5616,0.15,0.1,0.5,0.17,0.21037714285714285,0.09,0.0,0.19,0.1,0.37,0.2,0.0,0.08588387096774194,0.13214117647058823,0.17310967741935485,1.1129032258064515,0.08,0.1248,0.0,0.40789473684210525,0.11633898305084744,0.0,0.07444210526315789,0.08,0.07,2.026315789473684,0.0,0.1,0.13047272727272727,0.3432,0.0,0.5694
2023-01-15,0.23668965517241378,0.12,0.02,0.67,0.22,2.3823529411764706,0.11,0.09,0.5304,0.16,0.08,0.44,0.17,0.1533257142857143,0.1,0.1063111111111111,0.21,0.1,0.39,0.21,0.07103999999999999,0.06843870967741934,0.07708235294117648,0.28180645161290324,1.032258064516129,0.07,0.1426285714285714,0.0,0.39473684210526316,0.13537627118644066,0.0,0.07882105263157894,0.07,0.07,2.0,0.0,0.1,0.1786909090909091,0.36191999999999996,0.0,0.5694
2023-01-22,0.16783448275862067,0.12,0.01,0.64,0.23,2.323529411764706,0.11,0.09,0.5304,0.23,0.08,0.44,0.16,0.21394285714285713,0.09,0.0,0.24,0.09,0.37,0.2,0.0,0.0,0.1468235294117647,0.17310967741935485,1.064516129032258,0.09,0.1456,0.0,0.3026315789473684,0.0719186440677966,0.0,0.0,0.08,0.06,1.868421052631579,0.0,0.09,0.1248,0.33696,0.0,0.4602
2023-01-29,0.2194758620689655,0.12,0.01,0.6,0.22,2.4411764705882355,0.1,0.09,0.5512,0.15,0.09,0.41,0.19,0.20324571428571428,0.09,0.0,0.29,0.1,0.38,0.2,0.0,0.0,0.14315294117647057,0.15700645161290322,1.0483870967741935,0.08,0.208,0.0,0.2894736842105263,0.09730169491525424,0.0,0.07444210526315789,0.08,0.06,2.0526315789473686,0.0,0.09,0.09643636363636363,0.37439999999999996,0.0,0.5226
2023-02-05,0.2754206896551724,0.12,0.01,0.59,0.24,2.5294117647058822,0.11,0.1,0.676,0.18,0.1,0.42,0.19,0.19254857142857143,0.1,0.0,0.2,0.09,0.42,0.2,0.0,0.0,0.11011764705882351,0.22947096774193546,1.0806451612903225,0.1,0.12182857142857142,0.0,0.17105263157894737,0.11845423728813559,0.0,0.0,0.1,0.06,1.9736842105263157,0.0,0.1,0.20705454545454546,0.31823999999999997,0.0,0.585
2023-02-12,0.22808275862068966,0.13,0.02,0.55,0.23,2.3823529411764706,0.11,0.1,0.5408,0.19,0.09,0.43,0.17,0.18185142857142855,0.1,0.06933333333333333,0.2,0.09,0.39,0.19,0.0,0.0,0.12112941176470587,0.22141935483870967,1.1774193548387097,0.1,0.08617142857142857,0.0,0.17105263157894737,0.1311457627118644,0.0,0.0,0.1,0.06,1.8421052631578947,0.0,0.1,0.18719999999999998,0.34944,0.0,0.5616
2023-02-19,0.17213793103448277,0.14,0.02,0.59,0.25,2.4411764705882355,0.11,0.12,0.6656,0.19,0.09,0.43,0.19,0.2674285714285714,0.1,0.0,0.25,0.09,0.44,0.2,0.08064,0.08185806451612902,0.12112941176470587,0.22947096774193546,1.1290322580645162,0.12,0.12777142857142856,0.0,0.5263157894736842,0.09941694915254237,0.0,0.0,0.1,0.07,2.0,0.0,0.09,0.1333090909090909,0.41184,0.0,0.6006
2023-02-26,0.23668965517241378,0.14,0.02,0.61,0.25,2.4411764705882355,0.11,0.11,0.6032,0.2,0.1,0.46,0.18,0.18541714285714286,0.1,0.0,0.26,0.11,0.41,0.21,0.06912,0.0832,0.12112941176470587,0.20934193548387098,1.2096774193548387,0.1,0.20205714285714285,0.0,0.3684210526315789,0.10153220338983052,0.0,0.07663157894736843,0.1,0.06,2.026315789473684,0.0,0.09,0.16167272727272727,0.33696,0.0,0.5771999999999999
2023-03-05,0.18504827586206896,0.13,0.02,0.59,0.26,2.4411764705882355,0.12,0.1,0.6864,0.19,0.09,0.43,0.17,0.18541714285714286,0.11,0.0,0.22,0.1,0.43,0.21,0.09408,0.0,0.14315294117647057,0.30193548387096775,1.2096774193548387,0.11,0.15748571428571428,0.0,0.2631578947368421,0.1311457627118644,0.0,0.0,0.11,0.07,2.0,0.10805853658536585,0.1,0.22123636363636362,0.46799999999999997,0.0,0.5147999999999999
2023-03-12,0.2754206896551724,0.14,0.02,0.57,0.26,2.4411764705882355,0.11,0.1,0.676,0.17,0.09,0.43,0.17,0.15689142857142857,0.1,0.0,0.19,0.09,0.41,0.21,0.10752,0.0,0.15783529411764705,0.19323870967741935,1.1451612903225807,0.11,0.1248,0.0,0.17105263157894737,0.10153220338983052,0.0,0.0,0.1,0.08,2.026315789473684,0.0,0.09,0.14181818181818182,0.47423999999999994,0.0,0.5459999999999999
2023-03-19,0.309848275862069,0.14,0.01,0.55,0.25,2.5588235294117645,0.11,0.11,0.6344,0.2,0.09,0.43,0.18,0.22820571428571426,0.11,0.0,0.18,0.09,0.44,0.21,0.09792,0.0,0.13581176470588233,0.20129032258064514,1.1935483870967742,0.12,0.15748571428571428,0.0,0.18421052631578946,0.11633898305084744,0.0,0.0,0.11,0.08,2.026315789473684,0.0,0.1,0.16167272727272727,0.46799999999999997,0.0,0.6162
2023-03-26,0.17213793103448277,0.14,0.02,0.52,0.24,2.3823529411764706,0.1,0.11,0.6448,0.19,0.09,0.42,0.18,0.22464,0.09,0.0,0.18,0.1,0.43,0.2,0.0,0.0,0.15416470588235295,0.22947096774193546,1.2258064516129032,0.12,0.16342857142857142,0.0,0.15789473684210525,0.08672542372881356,0.0,0.0,0.13,0.08,2.1315789473684212,0.0,0.1,0.18152727272727273,0.34944,0.0,0.45239999999999997
2023-04-02,0.23668965517241378,0.13,0.02,0.53,0.24,2.4411764705882355,0.11,0.13,0.6864,0.22,0.08,0.43,0.18,0.23533714285714283,0.09,0.07626666666666666,0.19,0.09,0.47,0.2,0.0,0.0,0.10277647058823529,0.3542709677419355,1.2096774193548387,0.12,0.16342857142857142,0.0,0.09210526315789473,0.10787796610169491,0.0,0.0,0.13,0.07,2.1842105263157894,0.0,0.1,0.07658181818181818,0.48047999999999996,0.0,0.5459999999999999
2023-04-09,0.2625103448275862,0.14,0.04,0.47,0.25,2.4411764705882355,0.11,0.13,0.7072,0.2,0.09,0.44,0.18,0.31734857142857137,0.11,0.08551111111111111,0.2,0.1,0.48,0.22,0.0,0.0,0.14315294117647057,0.2576516129032258,1.1935483870967742,0.12,0.17828571428571427,0.0,0.05263157894736842,0.1417220338983051,0.0,0.0,0.15,0.07,2.3947368421052633,0.07305365853658535,0.1,0.14181818181818182,0.48672,0.0,0.4602
2023-04-16,0.28402758620689655,0.12,0.03,0.48,0.25,2.323529411764706,0.12,0.13,0.6968,0.18,0.08,0.44,0.17,0.20681142857142856,0.09,0.0832,0.21,0.1,0.48,0.21,0.0,0.0,0.13948235294117647,0.26570322580645156,1.2741935483870968,0.12,0.13965714285714284,0.0,0.039473684210526314,0.16922033898305083,0.0,0.0,0.14,0.07,2.210526315789474,0.0,0.09,0.17301818181818182,0.36191999999999996,0.0,0.7098
2023-04-23,0.1936551724137931,0.12,0.03,0.46,0.22,2.1470588235294117,0.11,0.13,0.7591999999999999,0.19,0.09,0.4,0.17,0.25316571428571427,0.1,0.0,0.17,0.09,0.45,0.21,0.08448,0.0,0.14315294117647057,0.24557419354838708,1.2258064516129032,0.12,0.15451428571428572,0.0,0.039473684210526314,0.1438372881355932,0.0,0.0,0.11,0.07,2.1842105263157894,0.0,0.09,0.16167272727272727,0.41184,0.0,0.4836
2023-04-30,0.18504827586206896,0.13,0.03,0.44,0.22,2.2058823529411766,0.11,0.14,0.7384000000000001,0.2,0.08,0.42,0.17,0.2460342857142857,0.1,0.13173333333333334,0.19,0.1,0.47,0.23,0.08064,0.0,0.13948235294117647,0.28180645161290324,1.3225806451612903,0.13,0.1426285714285714,0.0,0.039473684210526314,0.1544135593220339,0.0,0.0,0.13,0.07,2.1842105263157894,0.0,0.1,0.12763636363636363,0.41184,0.0,0.46799999999999997
2023-05-07,0.28402758620689655,0.13,0.04,0.43,0.22,2.2058823529411766,0.12,0.14,0.6656,0.2,0.09,0.43,0.16,0.22464,0.09,0.0,0.2,0.1,0.49,0.21,0.0,0.0,0.10277647058823529,0.2737548387096774,1.403225806451613,0.13,0.1248,0.0,0.039473684210526314,0.1544135593220339,0.0,0.0,0.14,0.07,2.236842105263158,0.0,0.09,0.1957090909090909,0.3432,0.0,0.4758
2023-05-14,0.28402758620689655,0.14,0.05,0.44,0.26,2.235294117647059,0.11,0.14,0.7591999999999999,0.21,0.09,0.46,0.18,0.24246857142857142,0.11,0.0,0.21,0.08,0.52,0.21,0.0,0.0,0.10644705882352941,0.2858322580645161,1.2419354838709677,0.14,0.12182857142857142,0.0,0.039473684210526314,0.17556610169491524,0.0,0.07663157894736843,0.14,0.07,2.263157894736842,0.0,0.09,0.21556363636363635,0.49296,0.0,0.45239999999999997
2023-05-21,0.2625103448275862,0.16,0.04,0.42,0.24,2.3823529411764706,0.11,0.16,0.8527999999999999,0.2,0.08,0.44,0.18,0.23533714285714283,0.11,0.0,0.22,0.12,0.57,0.21,0.0,0.0,0.11378823529411763,0.21739354838709676,1.2741935483870968,0.16,0.12182857142857142,0.0,0.02631578947368421,0.2094101694915254,0.0,0.0,0.14,0.07,2.3947368421052633,0.0,0.1,0.13898181818181815,0.44928,0.0,0.6629999999999999
2023-05-28,0.21517241379310342,0.16,0.04,0.42,0.22,2.2941176470588234,0.12,0.15,0.8527999999999999,0.22,0.09,0.43,0.19,0.2638628571428571,0.1,0.12942222222222222,0.23,0.13,0.57,0.22,0.08256,0.0,0.10644705882352941,0.2415483870967742,1.3548387096774193,0.16,0.15451428571428572,0.0,0.039473684210526314,0.1797966101694915,0.0,0.0,0.16,0.07,2.3684210526315788,0.0,0.09,0.15883636363636364,0.48672,0.0,0.5694
2023-06-04,0.21517241379310342,0.15,0.05,0.41,0.26,2.2941176470588234,0.11,0.15,0.7591999999999999,0.21,0.1,0.46,0.18,0.1961142857142857,0.11,0.0,0.21,0.12,0.53,0.23,0.0,0.0,0.1248,0.24557419354838708,1.4516129032258065,0.14,0.15451428571428572,0.0,0.02631578947368421,0.11633898305084744,0.0,0.0,0.14,0.07,2.289473684210526,0.09740487804878048,0.09,0.19003636363636361,0.43679999999999997,0.0,0.5382
2023-06-11,0.2625103448275862,0.16,0.05,0.43,0.23,2.323529411764706,0.11,0.14,0.832,0.2,0.1,0.45,0.2,0.3209142857142857,0.1,0.0,0.2,0.12,0.54,0.23,0.09792,0.0,0.13948235294117647,0.32206451612903225,1.467741935483871,0.15,0.1961142857142857,0.0,0.02631578947368421,0.21152542372881353,0.0,0.0,0.13,0.07,2.3421052631578947,0.0,0.1,0.15316363636363636,0.43679999999999997,0.0,0.6317999999999999
2023-06-18,0.37439999999999996,0.16,0.06,0.44,0.24,2.323529411764706,0.11,0.14,0.8735999999999999,0.19,0.09,0.46,0.17,0.14975999999999998,0.09,0.0,0.21,0.11,0.52,0.24,0.08448,0.0,0.09910588235294117,0.2777806451612903,1.4516129032258065,0.13,0.1753142857142857,0.0,0.039473684210526314,0.1840271186440678,0.0,0.0,0.12,0.08,2.3421052631578947,0.0,0.09,0.18152727272727273,0.52416,0.0,0.6083999999999999
2023-06-25,0.2237793103448276,0.17,0.07,0.43,0.24,2.323529411764706,0.1,0.14,0.8527999999999999,0.23,0.09,0.45,0.18,0.2210742857142857,0.11,0.0,0.21,0.12,0.53,0.22,0.0,0.0,0.16150588235294117,0.22141935483870967,1.4193548387096775,0.13,0.17828571428571427,0.0,0.02631578947368421,0.10364745762711865,0.0,0.0,0.13,0.07,2.3947368421052633,0.0,0.09,0.17585454545454546,0.49296,0.0,0.43679999999999997
2023-07-02,0.2496,0.15,0.06,0.42,0.25,2.2941176470588234,0.12,0.14,0.8111999999999999,0.29,0.09,0.46,0.18,0.2210742857142857,0.1,0.0832,0.2,0.13,0.56,0.23,0.0,0.0,0.13214117647058823,0.21336774193548386,1.5,0.14,0.1426285714285714,0.0,0.02631578947368421,0.17345084745762712,0.0,0.0,0.13,0.07,2.4473684210526314,0.0,0.09,0.14181818181818182,0.4992,0.0,0.5304
2023-07-09,0.2668137931034482,0.17,0.07,0.44,0.26,2.323529411764706,0.12,0.14,0.8632,0.21,0.11,0.47,0.17,0.3280457142857143,0.11,0.0,0.2,0.12,0.51,0.23,0.0,0.0,0.1908705882352941,0.24557419354838708,1.4516129032258065,0.14,0.15451428571428572,0.0,0.02631578947368421,0.18191186440677964,0.0,0.0,0.13,0.08,2.263157894736842,0.0,0.09,0.22123636363636362,0.46799999999999997,0.0,0.4836
2023-07-16,0.21086896551724138,0.15,0.08,0.4,0.26,2.3529411764705883,0.11,0.13,1.04,0.21,0.09,0.45,0.16,0.23890285714285714,0.1,0.0,0.2,0.11,0.48,0.22,0.14207999999999998,0.0,0.11745882352941175,0.32206451612903225,1.5161290322580645,0.15,0.0,0.0,0.02631578947368421,0.1374915254237288,0.0,0.0,0.11,0.09,2.236842105263158,0.0,0.1,0.11912727272727272,0.47423999999999994,0.0,0.43679999999999997
2023-07-23,0.24099310344827587,0.17,0.09,0.45,0.25,2.3529411764705883,0.12,0.12,0.9256,0.22,0.12,0.46,0.19,0.35657142857142854,0.11,0.08782222222222222,0.21,0.11,0.52,0.25,0.09408,0.0,0.10277647058823529,0.30193548387096775,1.4193548387096775,0.14,0.17828571428571427,0.0,0.039473684210526314,0.10999322033898304,0.0,0.0,0.12,0.09,2.1842105263157894,0.0,0.1,0.2098909090909091,0.48672,0.0,0.4134
2023-07-30,0.22808275862068966,0.15,0.07,0.44,0.28,2.2941176470588234,0.12,0.13,0.9775999999999999,0.26,0.09,0.46,0.18,0.18541714285714286,0.11,0.0,0.21,0.12,0.51,0.22,0.0,0.0,0.17251764705882353,0.3059612903225806,1.3387096774193548,0.13,0.22285714285714286,0.0,0.039473684210526314,0.12268474576271186,0.0,0.0,0.12,0.08,2.1842105263157894,0.0,0.1,0.23541818181818183,0.44928,0.0,0.3978
2023-08-06,0.2237793103448276,0.15,0.07,0.44,0.25,2.4411764705882355,0.11,0.12,0.7384000000000001,0.22,0.09,0.46,0.17,0.1961142857142857,0.11,0.0,0.2,0.11,0.5,0.24,0.0,0.0,0.13214117647058823,0.2616774193548387,1.467741935483871,0.15,0.15154285714285712,0.0,0.05263157894736842,0.10153220338983052,0.0,0.0,0.11,0.08,2.210526315789474,0.0,0.12,0.16734545454545452,0.43679999999999997,0.0,0.429
2023-08-13,0.2065655172413793,0.13,0.06,0.44,0.24,2.4411764705882355,0.1,0.13,0.8632,0.22,0.09,0.45,0.16,0.2496,0.1,0.0,0.21,0.12,0.47,0.22,0.0,0.0,0.1284705882352941,0.30193548387096775,1.3225806451612903,0.12,0.18125714285714284,0.0,0.05263157894736842,0.1374915254237288,0.0,0.07663157894736843,0.11,0.08,2.236842105263158,0.0,0.12,0.19854545454545452,0.41808,0.0,0.43679999999999997
2023-08-20,0.25390344827586203,0.14,0.05,0.43,0.22,2.3529411764705883,0.12,0.11,0.9359999999999999,0.19,0.1,0.47,0.14,0.20681142857142856,0.1,0.0,0.21,0.11,0.47,0.22,0.11711999999999999,0.0,0.19454117647058822,0.3542709677419355,1.2903225806451613,0.14,0.29714285714285715,0.0,0.05263157894736842,0.13326101694915254,0.0,0.0,0.12,0.08,2.1052631578947367,0.0,0.12,0.17018181818181816,0.38064,0.0,0.5459999999999999
2023-08-27,0.23668965517241378,0.13,0.04,0.44,0.23,2.323529411764706,0.14,0.12,0.832,0.21,0.1,0.44,0.17,0.2638628571428571,0.1,0.0,0.2,0.1,0.46,0.22,0.08256,0.0,0.08075294117647058,0.25362580645161287,1.1935483870967742,0.15,0.18125714285714284,0.0,0.05263157894736842,0.11210847457627118,0.0,0.0,0.11,0.08,2.1578947368421053,0.0,0.12,0.2098909090909091,0.55536,0.0,0.507
2023-09-03,0.21517241379310342,0.13,0.04,0.44,0.24,2.176470588235294,0.1,0.13,0.8527999999999999,0.23,0.09,0.45,0.18,0.16402285714285714,0.09,0.13173333333333334,0.21,0.11,0.47,0.22,0.0,0.10467096774193549,0.09543529411764705,0.2697290322580645,1.2096774193548387,0.15,0.1664,0.079872,0.06578947368421052,0.16287457627118646,0.0,0.0,0.12,0.08,2.0789473684210527,0.0,0.13,0.156,0.39936,0.0,0.5694
2023-09-10,0.21517241379310342,0.11,0.03,0.45,0.23,2.264705882352941,0.1,0.12,0.5408,0.2,0.08,0.44,0.17,0.19968,0.09,0.0,0.2,0.11,0.43,0.21,0.11136,0.10198709677419356,0.0,0.2375225806451613,1.1774193548387097,0.12,0.20205714285714285,0.0,0.06578947368421052,0.1797966101694915,0.0,0.0,0.1,0.06,2.0526315789473686,0.07609756097560975,0.13,0.18152727272727273,0.51792,0.0,0.43679999999999997
2023-09-17,0.2754206896551724,0.12,0.03,0.5,0.23,2.264705882352941,0.12,0.12,0.6552,0.21,0.09,0.44,0.17,0.13906285714285715,0.09,0.0,0.17,0.11,0.44,0.21,0.0,0.0,0.09176470588235294,0.21336774193548386,1.1774193548387097,0.13,0.10697142857142856,0.0,0.07894736842105263,0.0951864406779661,0.0,0.0,0.1,0.08,2.1052631578947367,0.0,0.15,0.17018181818181816,0.44303999999999993,0.0,0.5459999999999999
2023-09-24,0.18504827586206896,0.12,0.02,0.53,0.24,2.2941176470588234,0.11,0.12,0.6864,0.19,0.09,0.43,0.19,0.12836571428571428,0.09,0.09706666666666666,0.18,0.11,0.44,0.22,0.08448,0.0,0.1248,0.22544516129032258,1.2741935483870968,0.12,0.19908571428571428,0.0,0.09210526315789473,0.14595254237288136,0.0,0.0,0.1,0.08,2.026315789473684,0.0,0.15,0.23258181818181817,0.40559999999999996,0.0,0.42119999999999996
2023-10-01,0.3012413793103448,0.1,0.02,0.49,0.22,2.323529411764706,0.1,0.12,0.6136,0.2,0.09,0.41,0.17,0.21037714285714285,0.09,0.0,0.2,0.1,0.45,0.21,0.14975999999999998,0.0,0.13948235294117647,0.25362580645161287,1.1774193548387097,0.14,0.10697142857142856,0.0,0.09210526315789473,0.14595254237288136,0.0,0.0,0.1,0.07,2.026315789473684,0.0928390243902439,0.15,0.23258181818181817,0.4992,0.0,0.42119999999999996
2023-10-08,0.18504827586206896,0.1,0.01,0.55,0.22,2.411764705882353,0.11,0.12,0.624,0.17,0.08,0.43,0.17,0.23890285714285714,0.09,0.07626666666666666,0.19,0.12,0.42,0.21,0.0,0.0,0.0,0.18116129032258063,1.2419354838709677,0.12,0.1337142857142857,0.0,0.11842105263157894,0.20094915254237286,0.0,0.1248,0.09,0.07,2.0789473684210527,0.0,0.15,0.1957090909090909,0.34944,0.0,0.4602
2023-10-15,0.28402758620689655,0.11,0.02,0.58,0.24,2.4705882352941178,0.1,0.12,0.6656,0.18,0.08,0.44,0.19,0.09627428571428572,0.1,0.0,0.2,0.13,0.42,0.2,0.08256,0.08588387096774194,0.08075294117647058,0.21739354838709676,1.2580645161290323,0.14,0.1426285714285714,0.0,0.11842105263157894,0.13326101694915254,0.0,0.10509473684210525,0.11,0.08,2.0526315789473686,0.0,0.16,0.16167272727272727,0.42432,0.0,0.4446
2023-10-22,0.27111724137931037,0.12,0.02,0.54,0.22,2.3529411764705883,0.11,0.1,0.5928,0.18,0.09,0.43,0.17,0.27456,0.1,0.0,0.21,0.12,0.4,0.22,0.0,0.07246451612903226,0.19821176470588234,0.19726451612903223,1.096774193548387,0.13,0.10697142857142856,0.0,0.17105263157894737,0.13537627118644066,0.0,0.0,0.1,0.08,2.0789473684210527,0.0,0.16,0.15316363636363636,0.44928,0.0,0.5382
2023-10-29,0.18935172413793103,0.1,0.02,0.53,0.21,2.4411764705882355,0.11,0.09,0.46799999999999997,0.19,0.09,0.39,0.16,0.19968,0.09,0.0,0.23,0.12,0.36,0.21,0.0,0.13285161290322578,0.10644705882352941,0.15700645161290322,1.3870967741935485,0.11,0.1456,0.0,0.17105263157894737,0.09095593220338982,0.0,0.0,0.08,0.07,2.0789473684210527,0.0,0.17,0.19287272727272725,0.46799999999999997,0.0,0.4914
2023-11-05,0.1334068965517241,0.12,0.02,0.56,0.21,2.3823529411764706,0.11,0.1,0.572,0.17,0.09,0.41,0.15,0.18541714285714286,0.09,0.0,0.21,0.12,0.38,0.2,0.09216,0.08856774193548388,0.07708235294117648,0.22141935483870967,1.2903225806451613,0.12,0.12182857142857142,0.0,0.18421052631578946,0.14595254237288136,0.0,0.10290526315789474,0.09,0.07,2.1315789473684212,0.0,0.17,0.14465454545454545,0.44303999999999993,0.0,0.5147999999999999
2023-11-12,0.16783448275862067,0.12,0.02,0.61,0.21,2.3529411764705883,0.1,0.11,0.5408,0.18,0.1,0.45,0.21,0.2175085714285714,0.08,0.0,0.2,0.13,0.42,0.2,0.0,0.07649032258064516,0.16150588235294117,0.21336774193548386,1.2096774193548387,0.11,0.13965714285714284,0.0,0.15789473684210525,0.12268474576271186,0.0,0.0,0.09,0.07,2.1052631578947367,0.0,0.16,0.1786909090909091,0.36191999999999996,0.0,0.43679999999999997
2023-11-19,0.18074482758620689,0.14,0.02,0.7,0.19,2.176470588235294,0.1,0.11,0.52,0.14,0.11,0.48,0.16,0.18898285714285712,0.09,0.0,0.19,0.17,0.41,0.21,0.0,0.0,0.13214117647058823,0.1489548387096774,1.1774193548387097,0.12,0.09508571428571427,0.0,0.2236842105263158,0.1797966101694915,0.0,0.07882105263157894,0.08,0.07,2.3947368421052633,0.0,0.14,0.18436363636363637,0.43679999999999997,0.0,0.6396
2023-11-26,0.23668965517241378,0.12,0.02,0.65,0.21,2.3823529411764706,0.11,0.08,0.624,0.15,0.1,0.49,0.19,0.17828571428571427,0.09,0.0,0.23,0.18,0.37,0.3,0.0,0.0,0.09910588235294117,0.1690838709677419,1.3870967741935485,0.11,0.1129142857142857,0.0,0.27631578947368424,0.15018305084745762,0.0,0.1598315789473684,0.06,0.08,2.4473684210526314,0.0,0.14,0.16450909090909088,0.36816,0.0,0.5928
2023-12-03,0.2323862068965517,0.12,0.02,0.65,0.2,2.323529411764706,0.1,0.09,0.6032,0.2,0.09,0.46,0.18,0.2496,0.08,0.0,0.2,0.16,0.39,0.21,0.0,0.07380645161290322,0.18719999999999998,0.18921290322580644,1.2580645161290323,0.1,0.10994285714285713,0.0,0.3026315789473684,0.09941694915254237,0.0,0.08101052631578948,0.08,0.09,2.289473684210526,0.07609756097560975,0.13,0.17585454545454546,0.39936,0.10608,0.6083999999999999
2023-12-10,0.22808275862068966,0.11,0.02,0.64,0.22,2.2941176470588234,0.1,0.08,0.5408,0.15,0.09,0.45,0.17,0.23890285714285714,0.09,0.0,0.19,0.16,0.37,0.21,0.0,0.0751483870967742,0.13214117647058823,0.20129032258064514,1.2419354838709677,0.1,0.14857142857142858,0.08112,0.2631578947368421,0.09941694915254237,0.0,0.14888421052631579,0.07,0.08,2.236842105263158,0.0,0.12,0.14181818181818182,0.35568,0.0,0.5694
2023-12-17,0.24099310344827587,0.13,0.01,0.65,0.21,2.3823529411764706,0.11,0.1,0.4992,0.16,0.1,0.47,0.18,0.20324571428571428,0.08,0.0,0.19,0.15,0.38,0.2,0.14016,0.0,0.16150588235294117,0.11272258064516129,1.2096774193548387,0.1,0.0,0.0,0.25,0.0,0.0,0.11604210526315789,0.06,0.07,2.236842105263158,0.0,0.11,0.15316363636363636,0.47423999999999994,0.0,0.507
2023-12-24,0.19795862068965517,0.14,0.02,0.72,0.2,2.235294117647059,0.11,0.1,0.46799999999999997,0.15,0.1,0.5,0.17,0.12123428571428571,0.09,0.0,0.18,0.14,0.43,0.19,0.0,0.0,0.14315294117647057,0.20129032258064514,1.1451612903225807,0.1,0.13074285714285713,0.0,0.23684210526315788,0.12903050847457626,0.0,0.0,0.07,0.07,2.4473684210526314,0.0,0.1,0.15316363636363636,0.28703999999999996,0.0,0.5538
2023-12-31,0.32275862068965516,0.12,0.01,0.65,0.21,2.264705882352941,0.1,0.09,0.5512,0.18,0.09,0.4,0.17,0.2175085714285714,0.09,0.0,0.2,0.12,0.38,0.18,0.0,0.10332903225806452,0.09543529411764705,0.13285161290322578,1.1774193548387097,0.1,0.08022857142857143,0.0,0.34210526315789475,0.11845423728813559,0.082368,0.0,0.07,0.07,2.1842105263157894,0.0,0.11,0.1957090909090909,0.31823999999999997,0.0,0.4836
2024-01-07,0.1549241379310345,0.12,0.02,0.56,0.2,2.2941176470588234,0.11,0.08,0.52,0.16,0.09,0.44,0.17,0.15689142857142857,0.08,0.0,0.32,0.1,0.34,0.17,0.16319999999999998,0.0,0.11745882352941175,0.19323870967741935,1.3387096774193548,0.09,0.13074285714285713,0.0,0.7631578947368421,0.08461016949152542,0.0,0.17077894736842106,0.06,0.08,2.236842105263158,0.0,0.1,0.16450909090909088,0.33696,0.0,0.4836
2024-01-14,0.18504827586206896,0.12,0.02,0.5,0.2,2.411764705882353,0.1,0.08,0.48879999999999996,0.14,0.09,0.42,0.2,0.21037714285714285,0.08,0.0,0.8,0.15,0.33,0.17,0.0,0.10467096774193549,0.10644705882352941,0.18921290322580644,1.2096774193548387,0.09,0.1248,0.0,0.75,0.1417220338983051,0.0,0.1007157894736842,0.05,0.08,2.5789473684210527,0.0,0.09,0.13898181818181815,0.38688,0.0,0.429
2024-01-21,0.17213793103448277,0.12,0.01,0.56,0.21,2.4411764705882355,0.12,0.08,0.5408,0.17,0.09,0.41,0.18,0.1533257142857143,0.09,0.0,0.42,0.11,0.35,0.16,0.0,0.0,0.11378823529411763,0.1489548387096774,1.2741935483870968,0.1,0.11588571428571429,0.0,0.32894736842105265,0.10787796610169491,0.0,0.0,0.07,0.08,2.1052631578947367,0.0,0.09,0.15316363636363636,0.38064,0.0,0.4836
2024-01-28,0.1248,0.12,0.02,0.56,0.21,2.4411764705882355,0.11,0.08,0.416,0.17,0.09,0.42,0.19,0.2674285714285714,0.1,0.10168888888888888,0.21,0.1,0.41,0.18,0.0,0.0,0.11745882352941175,0.1207741935483871,1.1290322580645162,0.11,0.17234285714285713,0.0,0.23684210526315788,0.10576271186440676,0.0,0.0,0.1,0.08,1.8421052631578947,0.0,0.08,0.0,0.38688,0.0,0.4602
2024-02-04,0.2022620689655172,0.12,0.02,0.55,0.21,2.5,0.1,0.11,0.45759999999999995,0.18,0.09,0.44,0.17,0.23890285714285714,0.11,0.09937777777777777,0.21,0.1,0.38,0.2,0.0,0.0,0.09176470588235294,0.14492903225806453,1.1612903225806452,0.11,0.12182857142857142,0.0,0.27631578947368424,0.0,0.0,0.0,0.1,0.07,1.9473684210526316,0.0,0.08,0.19854545454545452,0.44303999999999993,0.0,0.43679999999999997
2024-02-11,0.2237793103448276,0.12,0.01,0.51,0.19,2.176470588235294,0.1,0.11,0.5095999999999999,0.17,0.1,0.42,0.17,0.19254857142857143,0.1,0.07626666666666666,0.22,0.1,0.36,0.18,0.0,0.0,0.0,0.17310967741935485,1.1129032258064515,0.1,0.07725714285714286,0.0,0.2236842105263158,0.0,0.0,0.0,0.09,0.08,1.6842105263157894,0.0,0.09,0.11061818181818181,0.54912,0.0,0.5304
2024-02-18,0.17213793103448277,0.13,0.02,0.49,0.22,2.5588235294117645,0.1,0.12,0.6136,0.15,0.1,0.44,0.19,0.2496,0.1,0.0,0.24,0.1,0.43,0.21,0.09408,0.08588387096774194,0.0,0.17713548387096775,1.1290322580645162,0.13,0.1456,0.0,0.17105263157894737,0.13537627118644066,0.0,0.0,0.11,0.08,2.0,0.0,0.09,0.1333090909090909,0.46176,0.0,0.45239999999999997
2024-02-25,0.09897931034482758,0.14,0.02,0.53,0.21,2.4411764705882355,0.11,0.11,0.6344,0.18,0.1,0.46,0.17,0.25316571428571427,0.11,0.0,0.24,0.09,0.44,0.22,0.12288,0.0,0.11745882352941175,0.18518709677419354,1.1129032258064515,0.12,0.1426285714285714,0.0,0.17105263157894737,0.12903050847457626,0.0,0.0,0.1,0.09,1.894736842105263,0.0,0.09,0.13898181818181815,0.41184,0.0,0.5226
2024-03-03,0.2194758620689655,0.14,0.02,0.54,0.2,2.3823529411764706,0.09,0.12,0.5304,0.17,0.09,0.43,0.19,0.23533714285714283,0.1,0.0,0.2,0.09,0.43,0.22,0.0,0.0,0.0844235294117647,0.23349677419354836,1.2741935483870968,0.14,0.104,0.0,0.13157894736842105,0.12903050847457626,0.0,0.0,0.11,0.08,2.026315789473684,0.0,0.09,0.20705454545454546,0.48672,0.0,0.5226
2024-03-10,0.2065655172413793,0.14,0.02,0.47,0.2,2.4411764705882355,0.11,0.12,0.5616,0.19,0.11,0.46,0.19,0.23533714285714283,0.1,0.0,0.21,0.1,0.46,0.22,0.10944,0.0,0.14315294117647057,0.30193548387096775,1.2741935483870968,0.14,0.13965714285714284,0.0,0.11842105263157894,0.18614237288135593,0.0,0.0,0.13,0.08,1.9736842105263157,0.0,0.1,0.15032727272727273,0.44303999999999993,0.0,0.5538
2024-03-17,0.2237793103448276,0.15,0.02,0.45,0.22,2.2941176470588234,0.1,0.12,0.676,0.18,0.09,0.46,0.18,0.2496,0.09,0.0,0.22,0.1,0.43,0.22,0.12096,0.0,0.0,0.20129032258064514,1.2096774193548387,0.14,0.16937142857142856,0.0,0.10526315789473684,0.10999322033898304,0.0,0.0,0.12,0.09,2.1315789473684212,0.0,0.11,0.17585454545454546,0.44928,0.0,0.5616
2024-03-24,0.22808275862068966,0.15,0.02,0.47,0.2,2.323529411764706,0.1,0.12,0.6136,0.18,0.09,0.44,0.17,0.21037714285714285,0.1,0.0,0.2,0.09,0.42,0.22,0.0,0.0,0.09176470588235294,0.22544516129032258,1.1612903225806452,0.13,0.11588571428571429,0.0,0.14473684210526316,0.10999322033898304,0.0,0.08538947368421053,0.12,0.09,2.1052631578947367,0.0,0.08,0.15316363636363636,0.37439999999999996,0.0,0.4914
2024-03-31,0.2496,0.13,0.02,0.46,0.21,2.264705882352941,0.1,0.12,0.5824,0.17,0.1,0.45,0.16,0.24246857142857142,0.1,0.0,0.22,0.09,0.42,0.21,0.0,0.0,0.14315294117647057,0.2375225806451613,1.2096774193548387,0.14,0.11885714285714284,0.0,0.14473684210526316,0.1269152542372881,0.0,0.0,0.13,0.08,2.0789473684210527,0.0,0.09,0.156,0.5304,0.0,0.6162
2024-04-07,0.28402758620689655,0.13,0.03,0.43,0.2,2.2058823529411766,0.09,0.12,0.6552,0.17,0.09,0.43,0.17,0.18898285714285712,0.1,0.11093333333333333,0.21,0.09,0.43,0.2,0.08256,0.0,0.0844235294117647,0.23349677419354836,1.2258064516129032,0.15,0.07725714285714286,0.0,0.05263157894736842,0.17556610169491524,0.0,0.0,0.12,0.08,2.1052631578947367,0.0,0.1,0.17585454545454546,0.43056,0.0,0.5226
2024-04-14,0.1506206896551724,0.13,0.04,0.45,0.21,2.323529411764706,0.11,0.14,0.7799999999999999,0.19,0.1,0.47,0.17,0.24246857142857142,0.11,0.0,0.23,0.09,0.48,0.22,0.15360000000000001,0.0,0.12112941176470587,0.2777806451612903,1.3387096774193548,0.15,0.15154285714285712,0.0,0.039473684210526314,0.0,0.0,0.0919578947368421,0.14,0.08,2.1578947368421053,0.0,0.09,0.23258181818181817,0.5740799999999999,0.0,0.507
2024-04-21,0.2237793103448276,0.14,0.03,0.44,0.21,2.323529411764706,0.11,0.13,0.7487999999999999,0.18,0.1,0.49,0.18,0.2175085714285714,0.11,0.08551111111111111,0.23,0.1,0.49,0.23,0.096,0.0,0.10277647058823529,0.165058064516129,1.3548387096774193,0.15,0.17828571428571427,0.0,0.039473684210526314,0.15652881355932202,0.0,0.10290526315789474,0.13,0.09,2.4210526315789473,0.0,0.09,0.1786909090909091,0.45552,0.0,0.507
2024-04-28,0.18935172413793103,0.14,0.04,0.42,0.2,2.176470588235294,0.1,0.13,0.5824,0.18,0.1,0.46,0.17,0.2781257142857143,0.09,0.09706666666666666,0.23,0.09,0.48,0.22,0.0,0.0,0.13948235294117647,0.165058064516129,1.2258064516129032,0.13,0.1248,0.0,0.039473684210526314,0.14595254237288136,0.0,0.0,0.14,0.08,2.0789473684210527,0.0,0.08,0.13047272727272727,0.48672,0.0,0.4992
2024-05-05,0.17644137931034481,0.15,0.03,0.38,0.19,2.3529411764705883,0.12,0.13,0.6448,0.16,0.1,0.46,0.17,0.20324571428571428,0.08,0.08088888888888889,0.23,0.09,0.47,0.22,0.0,0.0,0.13214117647058823,0.2375225806451613,1.3387096774193548,0.13,0.10994285714285713,0.0,0.039473684210526314,0.10576271186440676,0.0,0.0,0.14,0.1,2.1578947368421053,0.0,0.09,0.15316363636363636,0.53664,0.0,0.5616
2024-05-12,0.27111724137931037,0.15,0.04,0.38,0.18,2.1470588235294117,0.1,0.11,0.676,0.17,0.09,0.45,0.16,0.22464,0.1,0.09244444444444444,0.22,0.1,0.49,0.23,0.09984,0.10467096774193549,0.12112941176470587,0.20129032258064514,1.3548387096774193,0.15,0.10697142857142856,0.0,0.02631578947368421,0.16075932203389828,0.0,0.09852631578947368,0.13,0.1,2.289473684210526,0.0,0.09,0.11061818181818181,0.34944,0.0,0.5147999999999999
2024-05-19,0.22808275862068966,0.17,0.06,0.38,0.22,2.235294117647059,0.08,0.15,0.7384000000000001,0.2,0.1,0.47,0.19,0.23533714285714283,0.09,0.15484444444444442,0.23,0.1,0.51,0.23,0.192,0.0,0.11378823529411763,0.2777806451612903,1.3870967741935485,0.14,0.1337142857142857,0.0,0.02631578947368421,0.18825762711864405,0.0,0.11385263157894736,0.14,0.09,2.3684210526315788,0.0,0.08,0.1957090909090909,0.46176,0.0,0.4914
2024-05-26,0.24529655172413792,0.18,0.05,0.37,0.21,2.2058823529411766,0.11,0.14,0.7384000000000001,0.19,0.09,0.48,0.16,0.17472,0.09,0.0,0.23,0.12,0.53,0.25,0.0,0.0,0.1688470588235294,0.19323870967741935,1.6129032258064515,0.15,0.1961142857142857,0.0,0.02631578947368421,0.17556610169491524,0.0,0.0,0.15,0.1,2.4210526315789473,0.0,0.09,0.1957090909090909,0.41808,0.0,0.3822
2024-06-02,0.17644137931034481,0.18,0.07,0.38,0.22,2.2941176470588234,0.1,0.15,0.676,0.2,0.11,0.47,0.2,0.18898285714285712,0.1,0.0,0.23,0.12,0.51,0.23,0.0,0.0,0.0,0.17713548387096775,1.2580645161290323,0.14,0.12777142857142856,0.0,0.02631578947368421,0.13537627118644066,0.0,0.0,0.13,0.1,2.3157894736842106,0.0,0.09,0.16167272727272727,0.46799999999999997,0.0,0.5147999999999999
2024-06-09,0.16783448275862067,0.16,0.08,0.4,0.23,2.264705882352941,0.12,0.14,0.8839999999999999,0.19,0.1,0.47,0.18,0.2674285714285714,0.1,0.0,0.25,0.13,0.49,0.23,0.11136,0.0,0.0,0.22947096774193546,1.3870967741935485,0.14,0.17828571428571427,0.0,0.039473684210526314,0.12268474576271186,0.0,0.0,0.13,0.1,2.3421052631578947,0.1521951219512195,0.08,0.156,0.4992,0.0,0.5538
2024-06-16,0.309848275862069,0.16,0.1,0.38,0.23,2.235294117647059,0.12,0.13,0.728,0.18,0.09,0.49,0.18,0.18541714285714286,0.09,0.104,0.26,0.14,0.5,0.24,0.0,0.0,0.08809411764705882,0.2375225806451613,1.403225806451613,0.14,0.11588571428571429,0.0,0.02631578947368421,0.0,0.0,0.0,0.15,0.08,2.263157894736842,0.0,0.09,0.13614545454545454,0.5116799999999999,0.0,0.5771999999999999
2024-06-23,0.28402758620689655,0.19,0.12,0.41,0.22,2.264705882352941,0.11,0.14,0.6864,0.19,0.1,0.48,0.18,0.24246857142857142,0.09,0.0,0.25,0.11,0.5,0.23,0.0,0.0,0.14315294117647057,0.2777806451612903,1.4193548387096775,0.13,0.19314285714285714,0.0,0.02631578947368421,0.14806779661016947,0.0,0.0,0.13,0.1,2.3421052631578947,0.0,0.1,0.17301818181818182,0.50544,0.0,0.43679999999999997
2024-06-30,0.2194758620689655,0.18,0.09,0.39,0.21,2.176470588235294,0.11,0.16,0.9775999999999999,0.2,0.1,0.44,0.18,0.2638628571428571,0.09,0.0,0.25,0.12,0.52,0.23,0.0,0.0,0.0,0.2415483870967742,1.4193548387096775,0.14,0.09508571428571427,0.0,0.039473684210526314,0.1797966101694915,0.0,0.0,0.12,0.08,2.3947368421052633,0.0,0.1,0.19003636363636361,0.49296,0.0,0.5616
2024-07-07,0.23668965517241378,0.18,0.09,0.37,0.24,2.323529411764706,0.09,0.13,0.7384000000000001,0.2,0.08,0.45,0.19,0.23533714285714283,0.1,0.14328888888888888,0.22,0.12,0.49,0.24,0.0,0.0,0.13581176470588233,0.28180645161290324,1.4838709677419355,0.13,0.08617142857142857,0.0,0.02631578947368421,0.14806779661016947,0.0,0.0832,0.11,0.09,2.3157894736842106,0.0,0.09,0.10778181818181817,0.45552,0.0,0.4914
2024-07-14,0.3055448275862069,0.16,0.08,0.37,0.2,2.2058823529411766,0.11,0.14,0.7591999999999999,0.18,0.09,0.48,0.17,0.35657142857142854,0.09,0.0,0.23,0.15,0.53,0.24,0.0,0.0,0.09543529411764705,0.37439999999999996,1.403225806451613,0.13,0.13965714285714284,0.0,0.02631578947368421,0.17768135593220338,0.0,0.0,0.11,0.09,2.289473684210526,0.0,0.08,0.17585454545454546,0.48047999999999996,0.0,0.40559999999999996
2024-07-21,0.2496,0.16,0.06,0.41,0.22,2.264705882352941,0.11,0.13,0.7696,0.19,0.08,0.47,0.17,0.2709942857142857,0.09,0.08782222222222222,0.23,0.12,0.51,0.22,0.0,0.11674838709677418,0.15416470588235295,0.31401290322580644,1.403225806451613,0.13,0.1664,0.0,0.039473684210526314,0.1840271186440678,0.0,0.0,0.1,0.09,2.263157894736842,0.09436097560975609,0.1,0.15883636363636364,0.53664,0.0,0.429
2024-07-28,0.17213793103448277,0.16,0.06,0.39,0.22,2.323529411764706,0.1,0.13,0.8215999999999999,0.2,0.1,0.47,0.17,0.20324571428571428,0.09,0.0,0.23,0.11,0.51,0.22,0.09792,0.0,0.0,0.2616774193548387,1.403225806451613,0.11,0.1456,0.0,0.039473684210526314,0.1417220338983051,0.0,0.0,0.11,0.09,2.1578947368421053,0.1232780487804878,0.11,0.18719999999999998,0.52416,0.0,0.43679999999999997
2024-08-04,0.3485793103448276,0.15,0.05,0.43,0.21,2.323529411764706,0.11,0.13,0.7591999999999999,0.2,0.08,0.44,0.18,0.2210742857142857,0.09,0.0,0.24,0.11,0.48,0.23,0.11136,0.0,0.13214117647058823,0.30998709677419356,1.3709677419354838,0.13,0.13074285714285713,0.0,0.039473684210526314,0.18191186440677964,0.0,0.1094736842105263,0.11,0.09,2.1842105263157894,0.0,0.1,0.17301818181818182,0.44303999999999993,0.0,0.624
2024-08-11,0.2237793103448276,0.16,0.05,0.43,0.22,2.3823529411764706,0.12,0.13,0.8215999999999999,0.19,0.11,0.47,0.18,0.20681142857142856,0.11,0.0,0.26,0.12,0.49,0.23,0.0,0.08588387096774194,0.1248,0.2576516129032258,1.3387096774193548,0.14,0.15748571428571428,0.0,0.039473684210526314,0.2094101694915254,0.0,0.08976842105263158,0.12,0.09,2.210526315789474,0.0,0.11,0.1957090909090909,0.53664,0.0,0.6629999999999999
2024-08-18,0.2237793103448276,0.14,0.05,0.47,0.24,2.3529411764705883,0.11,0.14,0.8839999999999999,0.18,0.1,0.51,0.18,0.2781257142857143,0.11,0.0,0.25,0.11,0.5,0.22,0.0,0.0,0.17985882352941177,0.2496,1.3387096774193548,0.14,0.09805714285714286,0.0,0.039473684210526314,0.15652881355932202,0.0,0.0,0.14,0.08,2.210526315789474,0.0,0.13,0.17585454545454546,0.5304,0.0,0.5304
2024-08-25,0.2323862068965517,0.15,0.05,0.43,0.22,2.411764705882353,0.11,0.13,0.9151999999999999,0.2,0.09,0.45,0.18,0.23177142857142857,0.09,0.104,0.24,0.1,0.48,0.23,0.07872,0.0,0.10644705882352941,0.2496,1.2903225806451613,0.13,0.20502857142857142,0.0,0.05263157894736842,0.12268474576271186,0.0,0.0,0.13,0.09,2.1052631578947367,0.0,0.13,0.2524363636363636,0.46799999999999997,0.0,0.5694
2024-09-01,0.3012413793103448,0.13,0.04,0.43,0.19,2.3529411764705883,0.11,0.14,0.9151999999999999,0.2,0.11,0.46,0.18,0.22820571428571426,0.1,0.0,0.24,0.12,0.5,0.21,0.08064,0.0,0.09910588235294117,0.22544516129032258,1.2419354838709677,0.11,0.1248,0.0,0.06578947368421052,0.13537627118644066,0.0,0.11166315789473684,0.12,0.08,2.1315789473684212,0.0,0.13,0.1786909090909091,0.51792,0.0,0.4992
2024-09-08,0.2065655172413793,0.12,0.03,0.43,0.19,2.235294117647059,0.11,0.13,0.6968,0.18,0.09,0.45,0.18,0.21394285714285713,0.11,0.0,0.23,0.11,0.46,0.21,0.0,0.0,0.09543529411764705,0.2576516129032258,1.2903225806451613,0.13,0.15154285714285712,0.0,0.06578947368421052,0.17345084745762712,0.0,0.0,0.12,0.09,1.8421052631578947,0.0,0.15,0.17585454545454546,0.5678399999999999,0.0,0.4992
2024-09-15,0.19795862068965517,0.12,0.03,0.46,0.2,2.2058823529411766,0.11,0.13,0.6968,0.17,0.1,0.47,0.17,0.21394285714285713,0.09,0.0,0.24,0.1,0.47,0.2,0.09024,0.0,0.11378823529411763,0.20531612903225807,1.2903225806451613,0.12,0.13074285714285713,0.0,0.05263157894736842,0.14806779661016947,0.0,0.0,0.11,0.08,1.9473684210526316,0.0,0.14,0.1248,0.44303999999999993,0.0,0.46799999999999997
2024-09-22,0.21517241379310342,0.13,0.03,0.47,0.19,2.176470588235294,0.1,0.11,0.6864,0.18,0.1,0.46,0.16,0.18898285714285712,0.1,0.09475555555555555,0.23,0.11,0.42,0.2,0.10368,0.0,0.15416470588235295,0.2415483870967742,1.3225806451612903,0.11,0.2169142857142857,0.0,0.05263157894736842,0.17133559322033895,0.0,0.0,0.1,0.09,2.0789473684210527,0.0,0.15,0.14181818181818182,0.4992,0.086112,0.4992
2024-09-29,0.1506206896551724,0.11,0.03,0.48,0.21,2.176470588235294,0.11,0.13,0.624,0.19,0.09,0.46,0.18,0.1533257142857143,0.1,0.07857777777777777,0.2,0.11,0.45,0.22,0.08448,0.13419354838709677,0.1284705882352941,0.26570322580645156,1.2741935483870968,0.1,0.15748571428571428,0.0,0.06578947368421052,0.10576271186440676,0.0,0.1094736842105263,0.11,0.08,2.0789473684210527,0.0,0.14,0.15316363636363636,0.33696,0.0,0.507
2024-10-06,0.10328275862068965,0.12,0.02,0.47,0.2,2.3823529411764706,0.1,0.14,0.5304,0.19,0.1,0.45,0.17,0.1533257142857143,0.1,0.09013333333333333,0.25,0.13,0.46,0.2,0.0,0.0,0.1284705882352941,0.20129032258064514,1.3064516129032258,0.11,0.11588571428571429,0.0,0.07894736842105263,0.11210847457627118,0.0,0.10509473684210525,0.12,0.09,2.3684210526315788,0.0,0.16,0.11345454545454545,0.47423999999999994,0.0,0.5226
